cmartina0,iE3|4teY~(dX,Clarette,Martina,cmartina0@time.com
msomerfield1,"gL2,7<Zzy`BD)!I{",Marlane,Somerfield,msomerfield1@google.co.jp
trosin2,qQ9&m|t|c`6,Tish,Rosin,trosin2@discovery.com
gstoffels3,"gE6,0'&5`6u",Gwenneth,Stoffels,gstoffels3@themeforest.net
ekenneway4,wM8)EJ6G@%(ed,Evelyn,Kenneway,ekenneway4@blogger.com
acroser5,lE3{$F2v17d,Arie,Croser,acroser5@nhs.uk
bfoxley6,pU5\a_=`fgi,Benedict,Foxley,bfoxley6@nymag.com
bwilde7,rJ9@}_~'O,Brigitta,Wilde,bwilde7@imgur.com
cchiplin8,iA2~`!aP+WRH4U,Ceciley,Chiplin,cchiplin8@spotify.com
idobsons9,dY1\AwK(%vp,Ignace,Dobsons,idobsons9@ask.com
adowera,"fR4_T=I!SNL?2bq""",Artie,Dower,adowera@studiopress.com
rtrasslerb,xI7=I#@ii2,Raimund,Trassler,rtrasslerb@hostgator.com
mboswoodc,"mC8_""T(_NDA.",Maure,Boswood,mboswoodc@dagondesign.com
dbonettd,nS5>G70~,Dougie,Bonett,dbonettd@deviantart.com
rmcgrorye,"jP9!Ss7UWu{""",Roma,McGrory,rmcgrorye@reference.com
ggallierf,qN2?V8c+HP,Garrick,Gallier,ggallierf@globo.com
ndesboroughg,hG0.3l%>b2cCRQ,Niccolo,Desborough,ndesboroughg@illinois.edu
dgiovanizioh,"gT3,mh`sT",Derron,Giovanizio,dgiovanizioh@acquirethisname.com
lbohdeni,dD5%jZ(/bb,Lora,Bohden,lbohdeni@typepad.com
fkahlerj,qF2!o3{=&+i}om`,Franz,Kahler,fkahlerj@icio.us
jburrellsk,pA2~M7Aj,Jennee,Burrells,jburrellsk@umich.edu
cmilburnl,tG1'?ESFb@n62t,Cosmo,Milburn,cmilburnl@tinypic.com
gjowlingm,"cZ3""/QKHOF/Y>ez",Gustav,Jowling,gjowlingm@hhs.gov
yyannn,"vR8(24""nPxLO_RV",Yancey,Yann,yyannn@dion.ne.jp
mlosselyongo,cJ6!8nRx+Ay|ID,Milzie,Losselyong,mlosselyongo@angelfire.com
cpalfriep,qV6)|_2!8f,Caritta,Palfrie,cpalfriep@usatoday.com
sdepaoliq,zL4~O3W&2x|,Sophronia,De Paoli,sdepaoliq@huffingtonpost.com
pmathenr,xS8)z*W&Tym1B,Peggie,Mathen,pmathenr@apache.org
crigbys,qF6\h>>oAFB,Candace,Rigby,crigbys@ucsd.edu
rrainsdent,"cB4,v0`$",Rutger,Rainsden,rrainsdent@walmart.com
cfakesu,dD9{u}Q*tdh,Cathlene,Fakes,cfakesu@1und1.de
kdanilenkov,aR2)e(g.,Kennan,Danilenko,kdanilenkov@hao123.com
cstandishbrooksw,"fU5=fEZS""&N!zC",Constancia,Standish-Brooks,cstandishbrooksw@wired.com
nkalbererx,"vZ9,wgVA",Nonnah,Kalberer,nkalbererx@phoca.cz
byesichevy,yL4!%tcHQ,Babbette,Yesichev,byesichevy@imageshack.us
lbandyz,"tW4+>\""cP5BN&`J(",Lorinda,Bandy,lbandyz@answers.com
zmanuely10,"dB5((fFn|Y0T7vf""",Zora,Manuely,zmanuely10@ucsd.edu
hnary11,tK1%WH#<Zw4,Huberto,Nary,hnary11@goodreads.com
rfirth12,"bK3""aUVX)F",Rickie,Firth,rfirth12@storify.com
mmattiello13,hR9`SxOvq,Manon,Mattiello,mmattiello13@tinyurl.com
ddeveral14,zW5.>'ElbHmV,Dolores,Deveral,ddeveral14@latimes.com
ccritoph15,iG7{=(KYSeqIs},Cordey,Critoph,ccritoph15@nature.com
agladding16,qC7~>#B*v{,Amandi,Gladding,agladding16@cafepress.com
wsoames17,vJ5/$saxZR\,Wilburt,Soames,wsoames17@blog.com
ndomelow18,"iL0>+N(""x=""~",Nicolea,Domelow,ndomelow18@dedecms.com
nnisuis19,jM1*n(W=fo,Nikolos,Nisuis,nnisuis19@1688.com
aladloe1a,tX8!R&v$ieT1Hv,Alexei,Ladloe,aladloe1a@shinystat.com
lprobet1b,qZ5|rF'49,Lianna,Probet,lprobet1b@zimbio.com
dtruswell1c,"pP3|35kHf~""iU/VV",Drugi,Truswell,dtruswell1c@creativecommons.org
jdoxey1d,xK0__!Pts{4)S/&),Jany,Doxey,jdoxey1d@gov.uk
mdallimore1e,lY0'b<~l#>,Myrna,Dallimore,mdallimore1e@usda.gov
gfrosdick1f,uF9)W(msbt,Gabriela,Frosdick,gfrosdick1f@princeton.edu
dakam1g,pQ8`_sH\K,Demetris,Akam,dakam1g@discuz.net
folunny1h,rY5=jJ0M,Forrester,O'Lunny,folunny1h@sourceforge.net
yasbury1i,sG5(V_xUXX<<7!,Yolanda,Asbury,yasbury1i@about.com
ohendrichs1j,xJ6%n@*MWyY3G,Onida,Hendrichs,ohendrichs1j@netlog.com
amansion1k,gH9!Q00hUbuOJ+,Angelica,Mansion,amansion1k@blog.com
capark1l,"jN7,UvULoyM#w&Mg",Carolin,Apark,capark1l@123-reg.co.uk
lrobberts1m,qJ1&C.\5t>zw,Lethia,Robberts,lrobberts1m@wikia.com
dhorribine1n,pJ6)mMrJL've,Dodie,Horribine,dhorribine1n@myspace.com
glundbeck1o,oG6<cW%B&Mk4M(,Griselda,Lundbeck,glundbeck1o@wikimedia.org
mguice1p,aE6}`na3,Madelaine,Guice,mguice1p@ted.com
tpaolozzi1q,hN1+'\pC%`,Thor,Paolozzi,tpaolozzi1q@infoseek.co.jp
sgladdin1r,"cQ8*K=Z,Z|bW",Saul,Gladdin,sgladdin1r@pbs.org
sjacquemet1s,xA7(y|D6qYG\h,Shane,Jacquemet,sjacquemet1s@yelp.com
farchbould1t,fL7?m`\XLTh,Francyne,Archbould,farchbould1t@bizjournals.com
doldacre1u,"nC5""mdg(HS",Donica,Oldacre,doldacre1u@statcounter.com
halpes1v,oH0?f6e~q'iJE,Hilliary,Alpes,halpes1v@arstechnica.com
mseldner1w,kK4@98Nm@/,Margaux,Seldner,mseldner1w@microsoft.com
aesposita1x,lT9|JiW{mx|?j,Avram,Esposita,aesposita1x@mail.ru
ddimblebee1y,bQ0_Dru=yMV1,Dixie,Dimblebee,ddimblebee1y@imdb.com
catkyns1z,"iZ5*""_?gTyt}P",Claudette,Atkyns,catkyns1z@boston.com
ibrill20,zW9\}i=@*vp$4,Ignazio,Brill,ibrill20@deviantart.com
jgoldingay21,hY0%}FWyv8=.Aj,Jessalin,Goldingay,jgoldingay21@wired.com
aferretti22,mB9=NM(r\Y'X%>|4,Alden,Ferretti,aferretti22@flickr.com
zcerro23,yP5#fZOw~,Zahara,Cerro,zcerro23@hatena.ne.jp
oolivi24,uH5&dOM%,Olvan,Olivi,oolivi24@pbs.org
jtromans25,"vA2*_Z,2hZ",Jerad,Tromans,jtromans25@huffingtonpost.com
episcot26,zF4}6M98I$5I,Elnore,Piscot,episcot26@ow.ly
icarrivick27,vG9<3Mqo\1?N79%\,Izaak,Carrivick,icarrivick27@yandex.ru
stheobalds28,nD6+<q<d|rG*F,Salomo,Theobalds,stheobalds28@unc.edu
mmctaggart29,zN3)fXKb8hlq,Mariel,McTaggart,mmctaggart29@blinklist.com
jjull2a,bI7*>J68K0dk?FP,Jerrine,Jull,jjull2a@ezinearticles.com
wcolebourn2b,fS0.1'h!,Walker,Colebourn,wcolebourn2b@icq.com
cjillions2c,"sH9""L.O"".Fl>'",Cymbre,Jillions,cjillions2c@biglobe.ne.jp
shanratty2d,xE2)kH@!vyU6JmJ6,Samuel,Hanratty,shanratty2d@taobao.com
mbenet2e,"mH0.gAmq%(,EOT_",Mehetabel,Benet,mbenet2e@comcast.net
nohickee2f,iA6{M1<R(p9Q,Norbert,O'Hickee,nohickee2f@jiathis.com
rpymm2g,tE3$m1mtt/N$<h}R,Ronald,Pymm,rpymm2g@wired.com
vorsay2h,mP7`L'jjvnVlEaFc,Virgil,Orsay,vorsay2h@reuters.com
kscotchford2i,tQ7?E$1//dBo'1B.,Kaila,Scotchford,kscotchford2i@hugedomains.com
zgergler2j,"wW2.""*|Hk<q<""{Sg",Zane,Gergler,zgergler2j@ehow.com
lmussilli2k,"cU4""AZ\L",Lincoln,Mussilli,lmussilli2k@networksolutions.com
ujoiner2l,zT7=\nkQT<jQUnC,Urbano,Joiner,ujoiner2l@hubpages.com
sgringley2m,nP0|skjBVdv_',Sheffie,Gringley,sgringley2m@ucoz.com
tblankhorn2n,"pO2""9*{EgHkBm{k",Todd,Blankhorn,tblankhorn2n@cyberchimps.com
cnorree2o,"lR8#Z8\_x@""Z|0",Corby,Norree,cnorree2o@samsung.com
mmccart2p,"kI8`)7,BCLRCQ",Mignon,McCart,mmccart2p@blog.com
vyakebovich2q,uP1`P@{Zy$$H,Valene,Yakebovich,vyakebovich2q@slate.com
lottosen2r,"yX7#5zY}""""WpP",Linette,Ottosen,lottosen2r@msn.com
abrowncey2s,"xF6,2{QbStD",Auguste,Browncey,abrowncey2s@blogger.com
edomenici2t,iG3$=zIn,Edgardo,Domenici,edomenici2t@tinyurl.com
mgeist2u,cK5\509o9m7?V$<,Mersey,Geist,mgeist2u@google.it
gbrasher2v,sT5<WP#I%,Guilbert,Brasher,gbrasher2v@liveinternet.ru
smaun2w,aW2/leVBN(uxQyY,Shanda,Maun,smaun2w@edublogs.org
mcameron2x,nF3+NcNM4VGW,Marcelle,Cameron,mcameron2x@mtv.com
vhulle2y,kF8|L_u2TaR$K,Victor,Hulle,vhulle2y@prweb.com
tglassman2z,sK1}Fdtj>vmIp}S,Tiler,Glassman,tglassman2z@thetimes.co.uk
gmatyatin30,"dE0\VCd""=QtnQ<>",Gunther,Matyatin,gmatyatin30@xrea.com
mtubble31,wY5'You/,Magda,Tubble,mtubble31@de.vu
cdesbrow32,fN8\0q{BqSNf,Cammi,Desbrow,cdesbrow32@alexa.com
mbucklan33,"bF5/HWtM(S~},",Melina,Bucklan,mbucklan33@youtu.be
jmainstone34,qD0=(4D<xe,Jae,Mainstone,jmainstone34@gov.uk
ccroci35,gF6/{/g/1~}9,Coral,Croci,ccroci35@nymag.com
gdrummond36,jR9/*NAvo,Georgeta,Drummond,gdrummond36@netscape.com
dlampen37,"aF0&=""m|u",Dylan,Lampen,dlampen37@nydailynews.com
blambrechts38,hT2<`k=HX+2vI,Brice,Lambrechts,blambrechts38@1688.com
scometson39,"zF1""(gOW>?A""fBL",Selby,Cometson,scometson39@jimdo.com
cmcdonand3a,xU8{Mb3gV|~X<N,Carlie,McDonand,cmcdonand3a@intel.com
cyuille3b,"eI2\"".CNyxgO",Carlynn,Yuille,cyuille3b@examiner.com
esimper3c,iR9@<4I$O,Edee,Simper,esimper3c@foxnews.com
cdoddridge3d,qC5>|tZIy8wY,Carina,Doddridge,cdoddridge3d@g.co
jscowen3e,tN6*7@t|E,Janith,Scowen,jscowen3e@sun.com
ncecchi3f,vJ4&r=E8|,Natty,Cecchi,ncecchi3f@buzzfeed.com
rbeere3g,hV4{g/Z`f}*/,Rozanna,Beere,rbeere3g@desdev.cn
acasewell3h,"yH3?kOzo""E\&td<",Aurlie,Casewell,acasewell3h@uiuc.edu
ababin3i,eB9!jkiD,Alfonse,Babin,ababin3i@diigo.com
plamplugh3j,"iU5)!""Vxm",Port,Lamplugh,plamplugh3j@washingtonpost.com
jcolledge3k,rL0>F81.,Jennica,Colledge,jcolledge3k@boston.com
bbuessen3l,kN8|~}~=7MA>,Bianka,Buessen,bbuessen3l@bizjournals.com
gdrinkel3m,gE1!tQGa,Gerladina,Drinkel,gdrinkel3m@stumbleupon.com
drafferty3n,"pG7__AD"">j,p",Dru,Rafferty,drafferty3n@businessinsider.com
rdowdell3o,sV6\)L<Le?h,Roselia,Dowdell,rdowdell3o@joomla.org
rsharma3p,gI6'5`idWhV'},Rusty,Sharma,rsharma3p@tripod.com
tbarrs3q,rK1$/dMU!,Trescha,Barrs,tbarrs3q@mayoclinic.com
jdanaher3r,nK8?+aGvv+,Jonathon,Danaher,jdanaher3r@usgs.gov
pstanistreet3s,oW4{CFT|bWwm!,Peggie,Stanistreet,pstanistreet3s@nasa.gov
kormes3t,dX0@Gc$BiR%|,Kelli,Ormes,kormes3t@1und1.de
fvillalta3u,dN3+ur0Ibt.U1/{M,Felipa,Villalta,fvillalta3u@npr.org
egino3v,gQ7}b2y$Lj(8,Emlen,Gino,egino3v@jiathis.com
tdingate3w,jK9_01%U,Tamarra,Dingate,tdingate3w@globo.com
dkrzysztofiak3x,yE7!zz1ntBb,Desmond,Krzysztofiak,dkrzysztofiak3x@census.gov
mmaccahee3y,tG9<DYgac'u,Micki,MacCahee,mmaccahee3y@cocolog-nifty.com
medinburough3z,zU1~|xnh>SGYz@,Morris,Edinburough,medinburough3z@oakley.com
ntilburn40,zA5/hJk2uJWNYy_,North,Tilburn,ntilburn40@slashdot.org
eganderton41,pI4.QK.&f+,Etty,Ganderton,eganderton41@lycos.com
aangrove42,rD6{5#O(D=ZCt,Abner,Angrove,aangrove42@bizjournals.com
hbernath43,"dZ2(""?9g\}`f_9",Hamlin,Bernath,hbernath43@sfgate.com
sshotter44,"aF1""vN>rx/$})@",Sileas,Shotter,sshotter44@ezinearticles.com
lalbasiny45,"xY0_Cp,D9RY",Loralyn,Albasiny,lalbasiny45@mayoclinic.com
ashorto46,"kH6}4N582A4,w,V",Andromache,Shorto,ashorto46@github.io
mmacfarlan47,yJ0*tvvgd,Maura,MacFarlan,mmacfarlan47@hp.com
jbart48,"wA6*5,ikj)lN",Johny,Bart,jbart48@free.fr
omcart49,yA2%#%kvxt,Otto,McArt,omcart49@taobao.com
mingleby4a,eK9+~GMKE&6Il*B,Micah,Ingleby,mingleby4a@canalblog.com
tmanicomb4b,"hA8\),eeVmIN",Tait,Manicomb,tmanicomb4b@networksolutions.com
crawle4c,iX8!n@@@uv}%(DT,Catlin,Rawle,crawle4c@g.co
afreckleton4d,"pA8&.HzG01d,R6a",Alaine,Freckleton,afreckleton4d@jimdo.com
dwaddup4e,vL8#O.317,Debbie,Waddup,dwaddup4e@webeden.co.uk
draffon4f,dX3)bpDf99Jj*u&,Durante,Raffon,draffon4f@icio.us
dbohlmann4g,fT0/VFM1Vj)y@,Dietrich,Bohlmann,dbohlmann4g@dion.ne.jp
fcorbould4h,jQ4|1o32Ka'FNZ/,Florella,Corbould,fcorbould4h@bbb.org
rwyborn4i,zE6)#Y3?,Randy,Wyborn,rwyborn4i@people.com.cn
dgrundey4j,yJ2\0/sS'C+G4NtU,Domenic,Grundey,dgrundey4j@tuttocitta.it
hboutell4k,zS5=za(sA<2>'Kq5,Happy,Boutell,hboutell4k@reference.com
wclague4l,"gN0,/AoEqobC@Co",Waiter,Clague,wclague4l@sun.com
rseys4m,uZ7/cjq0l#@_Ll,Rafaelita,Seys,rseys4m@columbia.edu
jchoppin4n,kT0+i~b@cWhpzkI,Janot,Choppin,jchoppin4n@blogs.com
shacking4o,yH6*A<DfZn,Stan,Hacking,shacking4o@cargocollective.com
atreslove4p,hI1|e@J<Zx3K\Er,Arden,Treslove,atreslove4p@moonfruit.com
jrainsdon4q,tX6{MP1{S>nkkKQ,Jon,Rainsdon,jrainsdon4q@qq.com
isesser4r,yH6$ayGra(h+)G,Ingra,Sesser,isesser4r@hatena.ne.jp
msharrem4s,tF5`|38u0,Melly,Sharrem,msharrem4s@berkeley.edu
gjoplin4t,sK3{AHhGw,Gusta,Joplin,gjoplin4t@nyu.edu
mspringer4u,"lZ8"".+F8dTSeL",Marie-ann,Springer,mspringer4u@examiner.com
hlevison4v,kY0>+~(+xThT,Hermann,Levison,hlevison4v@usgs.gov
tdiss4w,mC3%Z8nSsm1\@yrJ,Theadora,Diss,tdiss4w@biblegateway.com
jpowney4x,uP8?L_#A'G,Jobye,Powney,jpowney4x@gnu.org
sjeffers4y,pU0_k}s64PHHD'P,Sandie,Jeffers,sjeffers4y@slate.com
evreede4z,iN6@RKg>,Ermina,Vreede,evreede4z@cam.ac.uk
fdrillingcourt50,pB7$fMY?u,Floyd,Drillingcourt,fdrillingcourt50@networksolutions.com
rwaldocke51,nJ9`DdV>+1L)i,Rubia,Waldocke,rwaldocke51@goo.gl
ialbertson52,tI1+7MKSc1VT8i8,Illa,Albertson,ialbertson52@goo.ne.jp
rkybird53,nF8|Xi(@uc,Reg,Kybird,rkybird53@wisc.edu
sromanetti54,"mQ3""Agp\Fz~,",Sheela,Romanetti,sromanetti54@spotify.com
dadkin55,yI4'v8tFj}Kn\,Darren,Adkin,dadkin55@wiley.com
tblackaller56,zE4&{69h`,Terrence,Blackaller,tblackaller56@cdc.gov
atowhey57,cX3\=g1M=#XzX7,Allene,Towhey,atowhey57@ucoz.com
kduquesnay58,fK5+kG=}&,Karon,Duquesnay,kduquesnay58@princeton.edu
spembridge59,aR1*}}gPq},Sibilla,Pembridge,spembridge59@hibu.com
dsilvermann5a,"sE7"">fzB",Dione,Silvermann,dsilvermann5a@msu.edu
mhandy5b,"lP7(.,O$""",Martyn,Handy,mhandy5b@answers.com
mberrisford5c,qU2*mZl6,Maris,Berrisford,mberrisford5c@jugem.jp
bmcelory5d,"xT0,v<Wpe~N}e%%",Braden,Mc Elory,bmcelory5d@etsy.com
bdicarli5e,qQ5>t4(yRc8N,Benedicta,Di Carli,bdicarli5e@yellowbook.com
hrunnett5f,vC8'#S(Pu,Huntlee,Runnett,hrunnett5f@pen.io
tkroin5g,yV9){AdR,Teressa,Kroin,tkroin5g@nih.gov
bemblin5h,hD6}@~0Gd,Billy,Emblin,bemblin5h@amazon.de
mpick5i,"mF7""Bfv<",Malina,Pick,mpick5i@biglobe.ne.jp
sabramovici5j,bV5}8iC*M2(S,Shellie,Abramovici,sabramovici5j@amazonaws.com
bpaydon5k,dN5*Xo_Yl#adKW,Brocky,Paydon,bpaydon5k@mapy.cz
vpinhorn5l,iB9*sG\!U\AP8M7J,Vivian,Pinhorn,vpinhorn5l@omniture.com
kivery5m,rS5/GAHL,Kati,Ivery,kivery5m@hugedomains.com
hthinn5n,"bJ5'.Eh,`eXTd",Hedy,Thinn,hthinn5n@sogou.com
hgallahar5o,xA1%)dra=M4,Haskell,Gallahar,hgallahar5o@mapquest.com
amerill5p,"tA6""oHa4,>@`a",Alvy,Merill,amerill5p@nih.gov
acorston5q,zH2_E/2qIM#g,Addi,Corston,acorston5q@earthlink.net
clightman5r,jH3\2S+du,Cordie,Lightman,clightman5r@clickbank.net
hkeeting5s,"qX1}spdaY""_Rc.",Hube,Keeting,hkeeting5s@timesonline.co.uk
obrandreth5t,fS3}mOLR*7S&1xN,Oran,Brandreth,obrandreth5t@nih.gov
gjaouen5u,qZ0.wSFYS\`ECacq,Gerrie,Jaouen,gjaouen5u@moonfruit.com
dmcewen5v,nG8{&PW7l',Daryl,McEwen,dmcewen5v@over-blog.com
akeneforde5w,zM4?ye0O!7M7qgKC,Alexandrina,Keneforde,akeneforde5w@oakley.com
mtall5x,uW6_X8UIDLG2(WG\,Mildrid,Tall,mtall5x@utexas.edu
jyekel5y,dZ3!`jq$}xP9pQH,Jillian,Yekel,jyekel5y@imageshack.us
syukhnevich5z,oI7?hgd~0+KNIG,Shirlee,Yukhnevich,syukhnevich5z@hc360.com
dgarfath60,iH1.ve_UNa,Dion,Garfath,dgarfath60@state.gov
ltaylour61,"pT8'oewH>A,EH",Leona,Taylour,ltaylour61@baidu.com
hmoberley62,cP6`4$Ad%.er*P,Harmonia,Moberley,hmoberley62@bloglovin.com
dbolitho63,cN5=KEPlU6oX,Dominga,Bolitho,dbolitho63@ask.com
achatt64,zC9_H6JP`t,Andriana,Chatt,achatt64@gmpg.org
korrett65,oN2@+@'>cq*,Kip,Orrett,korrett65@nih.gov
mhenfre66,"cO0#4asK6""J",Minetta,Henfre,mhenfre66@wikimedia.org
cwestney67,kJ3'(}|vK,Cary,Westney,cwestney67@so-net.ne.jp
doliverpaull68,bD8#d4wj,Deanna,Oliver-Paull,doliverpaull68@webeden.co.uk
edelmonti69,iJ4+oV(6Px*W,Enos,Delmonti,edelmonti69@whitehouse.gov
jbaggett6a,"nL9/QTc,_Fq\",Jed,Baggett,jbaggett6a@godaddy.com
ehalfhead6b,kF3&u1taNS?%OT,Eduino,Halfhead,ehalfhead6b@desdev.cn
hleahey6c,dP8)7X#@F.~ckL{,Humfrey,Leahey,hleahey6c@dot.gov
kgligorijevic6d,tA9'9#h%KF\O(NDX,Kylie,Gligorijevic,kgligorijevic6d@taobao.com
tlavall6e,sZ6=bnkx/d/@,Tiff,Lavall,tlavall6e@multiply.com
osarfass6f,hZ3{CSzpzMC|&D),Olympe,Sarfass,osarfass6f@imgur.com
sosband6g,qL1/$zlwCGHq!8,Stesha,Osband,sosband6g@multiply.com
gcliburn6h,jF5%Y6yg,Gabbi,Cliburn,gcliburn6h@globo.com
jrentilll6i,qN7`c<k<bbh,Jamey,Rentilll,jrentilll6i@merriam-webster.com
bsamber6j,wQ1|L\ZDq}=ZR`2,Blondell,Samber,bsamber6j@domainmarket.com
kgeely6k,yF9?P(pvZJ,Karilynn,Geely,kgeely6k@devhub.com
gtomblett6l,pQ9/zkSi1/\}7RV,Gwenore,Tomblett,gtomblett6l@wikipedia.org
cgoldwater6m,oA1\n02u4Dfj,Cornie,Goldwater,cgoldwater6m@scientificamerican.com
jcalltone6n,wE7|Sv=Iz,Josiah,Calltone,jcalltone6n@youtube.com
rkornilyev6o,dM0(tw7B#.,Randa,Kornilyev,rkornilyev6o@sfgate.com
tantonoczyk6p,"lB7@G\0,$O~'prkx",Trefor,Antonoczyk,tantonoczyk6p@ucoz.ru
estabbins6q,"jW7?@gk""ZliO",Emmalee,Stabbins,estabbins6q@slate.com
gsappson6r,"uN6.x8K~hS1O,rk",Georgianne,Sappson,gsappson6r@sfgate.com
sbiswell6s,rF1#g`kO2mYR_),Sharon,Biswell,sbiswell6s@seesaa.net
tmckall6t,mJ8}eRTob<$<E(n,Tracie,McKall,tmckall6t@weibo.com
csommersett6u,jY8}wgNzR3o(8h,Cortney,Sommersett,csommersett6u@sun.com
zamesbury6v,iA0$wK/*,Zitella,Amesbury,zamesbury6v@github.io
bmintoff6w,iT0{&*Re2>,Brewster,Mintoff,bmintoff6w@ft.com
ledwin6x,jO3/|Ec96gyAUv|,Lynn,Edwin,ledwin6x@ucsd.edu
ewitterick6y,hS5*a6'jnR,Evanne,Witterick,ewitterick6y@gravatar.com
pcorro6z,nI3&y=.ndKM`Ni,Pearla,Corro,pcorro6z@bigcartel.com
fduguid70,qZ8{T#lci7bq_X,Fanya,Duguid,fduguid70@wp.com
gbjerkan71,cQ6$wm{=.,Gavrielle,Bjerkan,gbjerkan71@yahoo.com
aritchard72,mQ2{LkQhfq,Antonetta,Ritchard,aritchard72@mozilla.com
jlocock73,mV1}l$!+e@j,Josh,Locock,jlocock73@intel.com
tscutchin74,tG1?.=/ppl{,Terrence,Scutchin,tscutchin74@shop-pro.jp
gbiddulph75,wP4\r7/)ss9,Giacobo,Biddulph,gbiddulph75@surveymonkey.com
atrillow76,aX0?`PU3,Alberik,Trillow,atrillow76@businessinsider.com
nhales77,eO1={Etc|r>2H,Nani,Hales,nhales77@miibeian.gov.cn
hbadger78,tY3.q%KkS|C,Humfrid,Badger,hbadger78@ca.gov
sswyndley79,jF9*5bj%T$BE,Sanders,Swyndley,sswyndley79@bandcamp.com
rleroy7a,lE1_gmOzG?,Russ,Leroy,rleroy7a@a8.net
aivimey7b,yF9*(ncsXs70CA9,Artemas,Ivimey,aivimey7b@google.co.jp
haddlestone7c,pO2)Q/\##G,Hercules,Addlestone,haddlestone7c@merriam-webster.com
dgabbatt7d,kW2>JP?*l+,Deidre,Gabbatt,dgabbatt7d@bbc.co.uk
lmapplethorpe7e,"pZ3,$oxFC8Sn",Leonard,Mapplethorpe,lmapplethorpe7e@guardian.co.uk
nmattusevich7f,"yE5/,Ac%&+y",Nicolis,Mattusevich,nmattusevich7f@adobe.com
aphettis7g,qD8%D|I',Ahmed,Phettis,aphettis7g@dedecms.com
tgaythwaite7h,wA7~W>uiCf,Taite,Gaythwaite,tgaythwaite7h@godaddy.com
rhubbis7i,vO4|iNe3|si$|,Rikki,Hubbis,rhubbis7i@studiopress.com
messam7j,eJ9=Gs+}/,Marion,Essam,messam7j@amazonaws.com
sseak7k,xH8!XR|R,Si,Seak,sseak7k@examiner.com
ptench7l,eU5)Teat4|Se3p,Purcell,Tench,ptench7l@icq.com
mstaten7m,"gI5|CQyg,",Murdoch,Staten,mstaten7m@skyrock.com
zmishaw7n,nS3_4hyvq{M,Zane,Mishaw,zmishaw7n@prweb.com
bgoodlett7o,"vK6,1YO7A""/x5",Bobinette,Goodlett,bgoodlett7o@discuz.net
sstenyng7p,fG6$|72b,Sianna,Stenyng,sstenyng7p@jalbum.net
grossborough7q,"wI9',&/(Snt",Gaylene,Rossborough,grossborough7q@chronoengine.com
cmingardo7r,"pY1<Z%J9<l,w",Cary,Mingardo,cmingardo7r@howstuffworks.com
rbyrcher7s,oN7=*wHc,Rozamond,Byrcher,rbyrcher7s@sourceforge.net
hpaulou7t,wV1!}Ghe/k/8JW!,Henrie,Paulou,hpaulou7t@economist.com
hedwicke7u,"uS9,9\gtb",Hewet,Edwicke,hedwicke7u@yahoo.co.jp
tduckitt7v,nK8(_Ki3cdm,Tanner,Duckitt,tduckitt7v@globo.com
treston7w,fB2|p!\)c.f,Taber,Reston,treston7w@1688.com
jblare7x,kI3=WC$u|gv1Lj4,Jelene,Blare,jblare7x@rakuten.co.jp
ntaggett7y,"cX2""c\o3P",Nan,Taggett,ntaggett7y@foxnews.com
kreagan7z,dE1=Q9=M),Kiele,Reagan,kreagan7z@sciencedirect.com
ttyrone80,aX1|TObxNg9%,Tiebold,Tyrone,ttyrone80@bluehost.com
cguerreiro81,jZ4*|.b@/tM|K/2,Cynthy,Guerreiro,cguerreiro81@networksolutions.com
golliffe82,"tW0>l""1H\?O",Ginni,Olliffe,golliffe82@sun.com
jwyldish83,cS9|T)i8b`1L#},Jay,Wyldish,jwyldish83@xing.com
aeames84,hS9)aV_NK,Antonella,Eames,aeames84@unc.edu
vrawling85,mC5&'h2P7Fmh$`,Vin,Rawling,vrawling85@wisc.edu
szahor86,vW2.=Ud`,Sarette,Zahor,szahor86@tripadvisor.com
apetyakov87,"wH4""eq7|",Adrianna,Petyakov,apetyakov87@deliciousdays.com
rmorphey88,jS0#kWd$%w&RtP,Robin,Morphey,rmorphey88@disqus.com
tquarrie89,gG3=4CrDt>1,Timmy,Quarrie,tquarrie89@msn.com
kmowday8a,"sD6+'A,4",Karna,Mowday,kmowday8a@edublogs.org
hmunnion8b,"nB8,h+uEL@F+",Henri,Munnion,hmunnion8b@ucla.edu
vjelphs8c,mC3\{2KHh`=`,Vanessa,Jelphs,vjelphs8c@dagondesign.com
msaiens8d,wF8(V!3YS\Ml#E$,Maurizia,Saiens,msaiens8d@hao123.com
bbaldacchi8e,mO6$&6Gjsn01,Benyamin,Baldacchi,bbaldacchi8e@opensource.org
ddiable8f,aT7!gnEVtsL%F@/j,Delores,Diable,ddiable8f@cpanel.net
erunnacles8g,zK8~'}Gtv>/_,Elden,Runnacles,erunnacles8g@toplist.cz
dlettice8h,qL3`J!~9,Denys,Lettice,dlettice8h@miibeian.gov.cn
gpeile8i,cB8>Dti=Y=~',Gordy,Peile,gpeile8i@purevolume.com
itidman8j,"mA2%""X.0xbrm#",Idaline,Tidman,itidman8j@amazonaws.com
lokenny8k,"mP4~TlW<""w",Leeland,O'Kenny,lokenny8k@51.la
nbook8l,xG9<Z/JS*brF|,Nolana,Book,nbook8l@lulu.com
nteas8m,fV7$PDc>,Nanine,Teas,nteas8m@mtv.com
hdickens8n,eG8}S`Zfb,Hale,Dickens,hdickens8n@wordpress.com
wjevon8o,aH2\{C)cETwdehah,Winni,Jevon,wjevon8o@ft.com
tguest8p,xQ8!m.?0t1,Temp,Guest,tguest8p@wired.com
dglavin8q,oL8/R@jgjSTMx9W!,Dannye,Glavin,dglavin8q@indiatimes.com
bgoulbourn8r,cO6>BZusP,Bond,Goulbourn,bgoulbourn8r@ox.ac.uk
vmcarley8s,lX1.9#p<tr,Valeria,McArley,vmcarley8s@symantec.com
bcurnucke8t,dI7(lsRf'/=Z,Buiron,Curnucke,bcurnucke8t@prlog.org
escoular8u,lR6=DDiYB,Etienne,Scoular,escoular8u@photobucket.com
eaingell8v,yS0*TZ3C\,Emlyn,Aingell,eaingell8v@behance.net
wleyes8w,nO8*&_oi,Wendie,Leyes,wleyes8w@statcounter.com
jgreatbach8x,"oI4_)rk""?Wa",Juliana,Greatbach,jgreatbach8x@sakura.ne.jp
staunton8y,fN3>lGg9f6R(_,Sofia,Taunton,staunton8y@fastcompany.com
jgrimbaldeston8z,xH2+iN7NrHE,Jermayne,Grimbaldeston,jgrimbaldeston8z@linkedin.com
mbreawood90,"oI5<|(9HS{Yz},4R",Mehetabel,Breawood,mbreawood90@ustream.tv
rhuffer91,vR7.@UmX8iv,Rachelle,Huffer,rhuffer91@bloglovin.com
wmalek92,eR0#DFxHL.,Waldo,Malek,wmalek92@cam.ac.uk
gdiviny93,hG3>s!llw,Giffy,Diviny,gdiviny93@1688.com
bolenov94,bT6<i6k'<wu.,Barbara-anne,Olenov,bolenov94@hp.com
rbance95,jO1.c7EL,Ryann,Bance,rbance95@dropbox.com
kkrauze96,bN3`gfBlM,Kev,Krauze,kkrauze96@harvard.edu
pstairmand97,fQ5(Lqr>U,Pascale,Stairmand,pstairmand97@cloudflare.com
zlegion98,dR3<|Nh>fru+3JgB,Zsa zsa,Legion,zlegion98@goo.gl
hebdin99,jI8(LImoQTkH>gG,Harald,Ebdin,hebdin99@plala.or.jp
mharome9a,lE3*4bM{Xk\>}Vf,Marlyn,Harome,mharome9a@buzzfeed.com
ahorlick9b,"bE8,3W3*\.x",Allsun,Horlick,ahorlick9b@example.com
rdemeyer9c,zH6*H&Iu.Bo6_ph\,Rosabella,De Meyer,rdemeyer9c@sourceforge.net
carmell9d,"nL7=,okL1H*YP",Cristobal,Armell,carmell9d@cnn.com
gandrzej9e,xO3+(Nl7,Gill,Andrzej,gandrzej9e@barnesandnoble.com
rkorous9f,eW6|uMx&f'3q,Randall,Korous,rkorous9f@ucoz.ru
ocherry9g,sT7}esmHD/p8&ce<,Odelia,Cherry,ocherry9g@51.la
gvischi9h,zN8(XZ~)2/BXmKLU,Guido,Vischi,gvischi9h@whitehouse.gov
kgravey9i,"lL3@nmb""(+NzjM_",Karita,Gravey,kgravey9i@uiuc.edu
lfetterplace9j,oA6>mx>{u8,Luciana,Fetterplace,lfetterplace9j@google.it
hmardee9k,rI1}wRG$vFQOkD@Q,Honey,Mardee,hmardee9k@salon.com
cgadie9l,"rD2}4p),ieG)N",Cymbre,Gadie,cgadie9l@tiny.cc
qwildor9m,eR6*qV*e6MP!,Quintilla,Wildor,qwildor9m@springer.com
robrien9n,jA5*X>DwE7TzuKhQ,Ruperta,O'Brien,robrien9n@about.me
efairbairn9o,qA2>&9A4FTVN{l,Ewan,Fairbairn,efairbairn9o@cafepress.com
gmoule9p,yL9<v?~K3DN,Gallard,Moule,gmoule9p@unicef.org
ghalsey9q,hF9{3&9Q~'(P,Gerome,Halsey,ghalsey9q@wikimedia.org
jrichley9r,"yA0(1lm)cnVv""",Jenelle,Richley,jrichley9r@tiny.cc
jklugman9s,eW5{&mlSvABk#Rg,Jimmy,Klugman,jklugman9s@guardian.co.uk
gheibel9t,"wD6""&J}'V0Cu2X",Garland,Heibel,gheibel9t@theatlantic.com
mjurisic9u,uB2(2e>(,Mace,Jurisic,mjurisic9u@bigcartel.com
wcresar9v,fG0+$xML%,Wren,Cresar,wcresar9v@creativecommons.org
rbirds9w,kC1)B@$<Z`\,Ritchie,Birds,rbirds9w@hp.com
mitzhaiek9x,hI9/3~/fCu<7x3,Matteo,Itzhaiek,mitzhaiek9x@sitemeter.com
cshoveller9y,"hM0#Z""!""UG9?)",Carolann,Shoveller,cshoveller9y@liveinternet.ru
grecher9z,hV0%L$EulqRCKC45,Gennifer,Recher,grecher9z@google.it
kroggieria0,"nO4`121O,",Katleen,Roggieri,kroggieria0@wp.com
plowatera1,zT7=y8GP,Pierette,Lowater,plowatera1@instagram.com
wheighta2,iS7*W8P>u,Wilie,Height,wheighta2@nbcnews.com
dcassina3,dK4)Ce/x,Didi,Cassin,dcassina3@merriam-webster.com
spomroya4,kA0|dhemrhMaf,Sarene,Pomroy,spomroya4@geocities.jp
gwillesona5,mD1~sOg?,Gustaf,Willeson,gwillesona5@whitehouse.gov
scasbona6,kU9)'#|b+,Stevie,Casbon,scasbona6@google.pl
jdythama7,uV0&Nz2tHp`Hsn,Joye,Dytham,jdythama7@gizmodo.com
pandrejsa8,"pK7!r|j8,D+",Padraic,Andrejs,pandrejsa8@chronoengine.com
wattenbrowa9,eP1_GsJT|yl'$<3,Winny,Attenbrow,wattenbrowa9@nifty.com
nbaldassiaa,fF0\4oZVZ0,Nilson,Baldassi,nbaldassiaa@bizjournals.com
csloeyab,"jR5,JsRxTLT",Caleb,Sloey,csloeyab@yahoo.com
kspurdensac,wL4!X'i}A,Kassie,Spurdens,kspurdensac@ihg.com
asatyfordad,yQ9(lAc?<$,Alethea,Satyford,asatyfordad@apple.com
timlenae,"fM2&DCnY,tboKX",Tandy,Imlen,timlenae@myspace.com
rtidboldaf,"uF1{nn(,~/cxm",Rhys,Tidbold,rtidboldaf@seesaa.net
mboddymeadag,"fX9')C`'>v%""t",Meryl,Boddymead,mboddymeadag@ifeng.com
wfeanderah,oC5$LZ@H,Winnie,Feander,wfeanderah@un.org
bcrawforthai,aB8'gXPo74d1,Brittney,Crawforth,bcrawforthai@blogspot.com
kdingaj,lU2<q<Y?QwKi=,Kaine,Ding,kdingaj@dot.gov
smcquaidak,cO2&No1jqBN,Siward,McQuaid,smcquaidak@yahoo.co.jp
gdoveyal,oH9%u5P{tW,Galvin,Dovey,gdoveyal@latimes.com
jmurtimeram,"bC1""7JWdxH",Janeen,Murtimer,jmurtimeram@live.com
vcastendaan,iI7'qJS3cdn32@,Valida,Castenda,vcastendaan@apache.org
ofowleao,mZ8#\''uFR2/,Odie,Fowle,ofowleao@wsj.com
cgrinterap,hE2'LQKcONcFFp,Cirillo,Grinter,cgrinterap@tamu.edu
gkelseyaq,hX2')T2X,Greer,Kelsey,gkelseyaq@bigcartel.com
scoverdillar,mW9_kQ!D3ACe3Y,Skye,Coverdill,scoverdillar@bizjournals.com
wbroekas,tP5){PDH9Jv,Willard,Broek,wbroekas@wikispaces.com
ebertolacciniat,uP3~&?<(CyGi>er,Esra,Bertolaccini,ebertolacciniat@whitehouse.gov
hsimonyau,vR1!~|=hxU{2kA,Hatty,Simony,hsimonyau@istockphoto.com
mettyav,"xU9""d9thZ""#",Muffin,Etty,mettyav@spiegel.de
ecollinaw,pX8_s`Nj%O/,Elihu,Collin,ecollinaw@yahoo.com
lwaszkiewiczax,"kO7>Ll+%""It%XD",Leoine,Waszkiewicz,lwaszkiewiczax@tamu.edu
nheightonay,"wU3""Ex#JrMX",Nolly,Heighton,nheightonay@nhs.uk
rdemangeaz,vZ2.sAy.,Rosmunda,Demange,rdemangeaz@w3.org
vcardob0,vW9_+_>v9.Z'iu|,Valentino,Cardo,vcardob0@elegantthemes.com
tfilkinb1,rM8(#y*3@?VvEvr.,Tish,Filkin,tfilkinb1@wordpress.org
svillageb2,eG1+!UZAkK,Sharron,Village,svillageb2@sciencedirect.com
eblunderfieldb3,lO9{}qWT?Q,Ellie,Blunderfield,eblunderfieldb3@msn.com
gduckerb4,"wJ8=`MO,`6!",Greggory,Ducker,gduckerb4@accuweather.com
hburkeb5,eD7_`Q==Bk|V,Hetty,Burke,hburkeb5@virginia.edu
tklebesb6,rV5$+ZZ},Tiffany,Klebes,tklebesb6@nymag.com
tarchboldb7,"yF9,}KG.wdFn/Ly",Tracee,Archbold,tarchboldb7@google.com.br
rleakb8,aH1$N>i5jiv\}}Q',Rachel,Leak,rleakb8@si.edu
nsaintb9,dE6`@@gz$5wY?,Noell,Saint,nsaintb9@dagondesign.com
agallelliba,sA7/|cjB6M(<,Adriaens,Gallelli,agallelliba@360.cn
bpittelbb,qP5*`rUBx_&,Bettine,Pittel,bpittelbb@booking.com
ldaskiewiczbc,fF8>=1Ke,Lynda,Daskiewicz,ldaskiewiczbc@joomla.org
cdraijerbd,zU3?/~'u\,Cord,Draijer,cdraijerbd@ning.com
lgabbottbe,"mH2.p\#&""`H3B#+r",Lory,Gabbott,lgabbottbe@opera.com
aperrottbf,aX6'Ndbf{d><!,Alix,Perrott,aperrottbf@gravatar.com
dcranfieldbg,tC4{5=f},Desiri,Cranfield,dcranfieldbg@tinyurl.com
hbreartonbh,vJ2|SQbO,Henrie,Brearton,hbreartonbh@1688.com
rswatonbi,pZ1`q+#+Z&W@,Reuven,Swaton,rswatonbi@deviantart.com
jdaldrybj,jG3~Run!C`N8RkI,Janean,Daldry,jdaldrybj@bloglines.com
sborrottbk,fQ6*&_`Rfct,Stavros,Borrott,sborrottbk@mashable.com
mlinfootbl,jN9`c4wQ>c,Morley,Linfoot,mlinfootbl@wsj.com
ddarcybm,zF9<9wss=A,Darrick,d'Arcy,ddarcybm@bbc.co.uk
fmacneilliebn,hL8%9F)d>6qKdY,Flem,MacNeillie,fmacneilliebn@oracle.com
anowerbo,mT6&hHGNO9w|7x,Arnoldo,Nower,anowerbo@plala.or.jp
osoutheranbp,vE8=RN)U,Oona,Southeran,osoutheranbp@myspace.com
cbiasionibq,"kI3>)J\LN""2",Clark,Biasioni,cbiasionibq@archive.org
dmalletrattbr,xL3$iX)<\rCR,Derk,Malletratt,dmalletrattbr@indiatimes.com
rpontbs,lR6=%qqh9!451,Rachel,Pont,rpontbs@symantec.com
jflaunebt,dM9{/t(Shk,Joachim,Flaune,jflaunebt@nih.gov
uboathbu,gA8#>7zwcuRih,Urson,Boath,uboathbu@alibaba.com
vbrimhambv,wC5{.{?L\>L@8t,Virgilio,Brimham,vbrimhambv@bloomberg.com
agoodhaybw,dC0.@n6m&,Arlan,Goodhay,agoodhaybw@joomla.org
ljecksbx,mY7)1f>G%,Leonhard,Jecks,ljecksbx@patch.com
ffreedby,"kE5>DU)l=""Mf5G",Fanechka,Freed,ffreedby@godaddy.com
mbartlebz,"bF3,UBuNaP8gC",Myrlene,Bartle,mbartlebz@icq.com
lransomec0,gD4?A*RJ,Larisa,Ransome,lransomec0@umich.edu
wgettonec1,"cD3\""xa_LbIQw4",Winslow,Gettone,wgettonec1@usda.gov
mjaneczekc2,oP0/>382%,Michaela,Janeczek,mjaneczekc2@pinterest.com
kgunnyc3,dB4$I1/7s,Kristofer,Gunny,kgunnyc3@yellowpages.com
mgeorgescuc4,xC9&hf(7f,Margie,Georgescu,mgeorgescuc4@narod.ru
ephysickc5,hX4(Z4AJs_Ph!`BZ,Ede,Physick,ephysickc5@newyorker.com
jrizzardic6,rW2`|4_c+e,Jervis,Rizzardi,jrizzardic6@google.co.uk
fkubicekc7,oB1&jg'Z<\PW,Florina,Kubicek,fkubicekc7@dion.ne.jp
cmanskec8,vF1|z5HFFx,Chelsy,Manske,cmanskec8@earthlink.net
apantlinc9,"lE8,CPs`o{B'#Z",Arvie,Pantlin,apantlinc9@theglobeandmail.com
fadanetca,kL2&A~TOqeK`.o,Foss,Adanet,fadanetca@ftc.gov
wkearcb,fO2>thHp_?S@1L,Warden,Kear,wkearcb@chicagotribune.com
brisleycc,pG9\68/IR,Bentlee,Risley,brisleycc@last.fm
alongleycd,jK3!F|5W9eCx6,Ann-marie,Longley,alongleycd@friendfeed.com
rwadworthce,iG7__U%`m,Regina,Wadworth,rwadworthce@constantcontact.com
btimmenscf,xO4&cs@I&Vi,Bernard,Timmens,btimmenscf@trellian.com
jdeightoncg,mQ5{3IIMxT9vS,Juline,Deighton,jdeightoncg@ow.ly
burench,kN8)Mhc',Barbabas,Uren,burench@nbcnews.com
cjanatkaci,zC2/d)2VnF_+C#s9,Cristian,Janatka,cjanatkaci@hao123.com
sdownecj,hA3&9j8w\,Staci,Downe,sdownecj@indiegogo.com
mdegliabbatick,"pQ3""5\=BUs",Mike,Degli Abbati,mdegliabbatick@newsvine.com
aladymancl,uP6.t%z341>z,Alie,Ladyman,aladymancl@sciencedaily.com
hnuttcm,yW9\Ee!$n7pdHBe4,Holly,Nutt,hnuttcm@shinystat.com
njovanoviccn,rN6`mJ<eRo|Sjg,Netta,Jovanovic,njovanoviccn@google.co.uk
sfanstoneco,"kC5.X4"".VJ?VU7n3",Simonne,Fanstone,sfanstoneco@digg.com
jscortoncp,bH0@Obv{3N}{,Jakie,Scorton,jscortoncp@nps.gov
mmiklemcq,aJ5\sZ9>,Min,Miklem,mmiklemcq@flavors.me
lbrounfieldcr,tF8}5oih`x_Lin,Lorianna,Brounfield,lbrounfieldcr@purevolume.com
akelkcs,tQ7>m8_Rf4X,Angus,Kelk,akelkcs@tiny.cc
qcureect,lE1{z'd7JH0CW5g6,Quincy,Curee,qcureect@hhs.gov
cklainmancu,lN9<z#i1Pj.~,Carling,Klainman,cklainmancu@fc2.com
sbonsulcv,vB1\\jD&o,Sib,Bonsul,sbonsulcv@ameblo.jp
fmenziescw,hQ1$=z3`Cn'<,Farris,Menzies,fmenziescw@livejournal.com
vjosefowiczcx,kZ9(Z42NK,Vladamir,Josefowicz,vjosefowiczcx@discuz.net
cvegascy,"iQ3`Jnyk)~a_,1S",Cammy,Vegas,cvegascy@abc.net.au
mpaolicz,pX5&WX*}ELEU2F,Marcellina,Paoli,mpaolicz@umich.edu
ewalcard0,"vG9=&SFUkZX$\h""",Eddy,Walcar,ewalcard0@addthis.com
dfronczakd1,zN1$y\_3,Dynah,Fronczak,dfronczakd1@bloomberg.com
jalend2,"iG7#,y@uUdd",Jesse,Alen,jalend2@accuweather.com
jllewellend3,bK0\zsjb,Janeczka,Llewellen,jllewellend3@blinklist.com
kgonind4,wJ4|1MvetHY,Kania,Gonin,kgonind4@sphinn.com
jfinnimored5,yZ8&Q>k_RfY>,James,Finnimore,jfinnimored5@forbes.com
gregid6,zA9'/3rf(>,Gizela,Regi,gregid6@nationalgeographic.com
otraslerd7,yH0|@@_IMW{N7@9o,Odelle,Trasler,otraslerd7@forbes.com
sshined8,bJ8\b1.>D/2(U,Sarajane,Shine,sshined8@spotify.com
dgruszczakd9,"eL8$|L!D""q5B",Demetre,Gruszczak,dgruszczakd9@gnu.org
kohanleyda,"bA3+,Fy{!qUx4",Kristin,O'Hanley,kohanleyda@csmonitor.com
adotterilldb,mS7~t+T*,Annamaria,Dotterill,adotterilldb@unicef.org
cchetterdc,lH8%%j2Vwr,Crystie,Chetter,cchetterdc@1und1.de
jminellidd,zJ3/&@ShPyD,Jeri,Minelli,jminellidd@dropbox.com
cperegrinede,hB9`_Ws5A@e+/`3,Claudie,Peregrine,cperegrinede@tripadvisor.com
daskelldf,"aP5=B=""K\Ts",Daisy,Askell,daskelldf@slashdot.org
candreixdg,eT3@S6LL,Christie,Andreix,candreixdg@ow.ly
fbattramdh,xD6|zE*+t,Floyd,Battram,fbattramdh@people.com.cn
csparshuttdi,vR8<E0W|TT/,Carlita,Sparshutt,csparshuttdi@redcross.org
ustambridgedj,iJ2&xd$Aa4,Uri,Stambridge,ustambridgedj@dagondesign.com
hfrancadk,uF0.lFP/KqezF,Hurley,Franca,hfrancadk@ucoz.ru
jthibodeauxdl,pE0}vSF7Xv,Jacqueline,Thibodeaux,jthibodeauxdl@yandex.ru
akonzelmanndm,yA6(h6s%SqTq,Anne,Konzelmann,akonzelmanndm@php.net
sbagenaldn,bF1)6g4WKY@Y,Saree,Bagenal,sbagenaldn@blog.com
adelunado,pV1@1dV*8,Aleda,De Luna,adelunado@deliciousdays.com
fperesdp,"yM0|Jxkh,I5E",Florentia,Peres,fperesdp@joomla.org
ohagartdq,fD5|5vA(,Othelia,Hagart,ohagartdq@independent.co.uk
dslogrovedr,cU0.f2l#VocDu>5',Dru,Slogrove,dslogrovedr@tamu.edu
gcrosierds,tO1_hcllvb{,Gaston,Crosier,gcrosierds@oracle.com
nfarneydt,"qM5,!uXV%X22qob",Nigel,Farney,nfarneydt@opensource.org
mblackwelldu,zP5}BCia,Meara,Blackwell,mblackwelldu@yellowpages.com
fimlindv,yB0@B8xJ0,Frayda,Imlin,fimlindv@creativecommons.org
rrotheradw,fO8}J(MDZT,Rodrique,Rothera,rrotheradw@github.com
bmullengerdx,nY4}S7bZuX#,Blanch,Mullenger,bmullengerdx@un.org
fgavindy,uK4>w/}ci5<?!,Filippo,Gavin,fgavindy@netlog.com
lteenandz,fY5}r|__,Lil,Teenan,lteenandz@prweb.com
dkeunekee0,nH3*MSU?MY6D4o)a,De,Keuneke,dkeunekee0@businessinsider.com
dloverocke1,"iN7)u,.in4Ktb~",Durward,Loverock,dloverocke1@cbslocal.com
cbilsborrowe2,zQ0&N4qPY?,Codi,Bilsborrow,cbilsborrowe2@w3.org
glilywhitee3,nP4<@T*\k$<a,Gerome,Lilywhite,glilywhitee3@gnu.org
freoche4,iM2%%KV$1=T/%qI,Franz,Reoch,freoche4@trellian.com
cskyme5,hZ1?6utD\n)',Carline,Skym,cskyme5@apache.org
rremnante6,gB7!.UYqc@d,Reina,Remnant,rremnante6@booking.com
hneseye7,hV8|_s>Y,Hanni,Nesey,hneseye7@discuz.net
klystee8,nJ6'iV7}/0HC3n(\,Korie,Lyste,klystee8@1und1.de
dmcmoniese9,wI5.?CWrK.Ye,Deck,McMonies,dmcmoniese9@squidoo.com
cferandezea,kW5!_?>&W|CyQe,Carolann,Ferandez,cferandezea@youtube.com
thurringeb,sY5}krQ!zcS,Tiffy,Hurring,thurringeb@phpbb.com
scrockenec,uN9(>H#>L0hPpP(,Sada,Crocken,scrockenec@fotki.com
lvasiloved,"zO8?o=k/,""EPGp",Lyndsie,Vasilov,lvasiloved@tamu.edu
bdeliaee,tU3#W)4x}PW_fq,Bran,Delia,bdeliaee@imgur.com
dsheldrickef,"oU8""_1j*tIT=!0WU",Don,Sheldrick,dsheldrickef@wordpress.com
eperassieg,sO0+6e31rMp#MzK,Eveleen,Perassi,eperassieg@wsj.com
lbadmaneh,"aG8?S,,.{ZhuF",Laureen,Badman,lbadmaneh@desdev.cn
kmontelei,sD4.M#dnT''C!zP},Koren,Montel,kmontelei@flavors.me
ghavilleej,rY8@UdyZ,Gisele,Haville,ghavilleej@unicef.org
cwearingek,"hD2'r=>WZl\e,",Carlene,Wearing,cwearingek@fc2.com
cburstoweel,jE8<y%WPaVTak,Concettina,Burstowe,cburstoweel@google.ca
mgumbrellem,pR4|0Xpx,Murvyn,Gumbrell,mgumbrellem@bloglovin.com
ctschersichen,"kF6>L'x,vRgotN",Carroll,Tschersich,ctschersichen@loc.gov
qgatemaneo,oW5?P@Wh5s*,Quinton,Gateman,qgatemaneo@rediff.com
tgarrouldep,uH8.cMD~fwBhoX},Tammi,Garrould,tgarrouldep@dailymotion.com
lgiovannazzieq,aD9>~WR/`nLJxU,Lari,Giovannazzi,lgiovannazzieq@sogou.com
rcavolinier,"gD4)Dx7xev""yU,",Rustie,Cavolini,rcavolinier@devhub.com
aoshieldses,oI7+!`u~,Anne-marie,O'Shields,aoshieldses@wired.com
knaptineet,"tM8""ajzgd4oRo",Karine,Naptine,knaptineet@yolasite.com
dgrelliseu,bR4>FoHG&zzBE,Dermot,Grellis,dgrelliseu@photobucket.com
acantosev,xT8(5=<}SF',April,Cantos,acantosev@4shared.com
abullerwellew,"hB1._UbU>1,eU",Alexis,Bullerwell,abullerwellew@ehow.com
cmakinsonex,yR0{HX)g,Chelsey,Makinson,cmakinsonex@ovh.net
rkemmetey,cX0!~(jWy3,Rodrigo,Kemmet,rkemmetey@usda.gov
cnareez,nG3|x+y<iY+(,Carol-jean,Nare,cnareez@ucsd.edu
rsextyf0,dV6~bg&2z,Rubina,Sexty,rsextyf0@discovery.com
jbuswellf1,fX4==@rFzW)uZk,Jasmine,Buswell,jbuswellf1@github.io
ijelkesf2,aO4@sU3Dt(qId,Irv,Jelkes,ijelkesf2@fastcompany.com
spionterf3,wY1|'k339v,Silvie,Pionter,spionterf3@addtoany.com
bastlattf4,iM0*!3nVzBV#(pey,Blane,Astlatt,bastlattf4@springer.com
kkarpychevf5,"wP7)$%6&""jDhEI",Killie,Karpychev,kkarpychevf5@google.pl
lchesonf6,bW9=A8M4#t%gFs,Lindsay,Cheson,lchesonf6@sbwire.com
skidstounf7,gN8}U)rgh3%s~(v>,Selie,Kidstoun,skidstounf7@netvibes.com
bsmeetonf8,"dP2,h?N&""X()Us",Benji,Smeeton,bsmeetonf8@yellowpages.com
tbehrf9,uA9#SMpl}'S6,Tonia,Behr,tbehrf9@cornell.edu
fgooderefa,qV7`pIh'd,Felecia,Goodere,fgooderefa@telegraph.co.uk
klorencfb,gB9?6*O>},Konstantin,Lorenc,klorencfb@zimbio.com
ikopecfc,eN7@jr6%x@/i5_#6,Itch,Kopec,ikopecfc@sina.com.cn
obendefd,yU7>x6~Mldg(,Orton,Bende,obendefd@ameblo.jp
bvicefe,eK9/'i=62,Boothe,Vice,bvicefe@cbsnews.com
llangstaffff,vX0_cAWbH,Laurene,Langstaff,llangstaffff@hhs.gov
smarczykfg,pS5$3TWTw<Z,Schuyler,Marczyk,smarczykfg@theglobeandmail.com
ftrottfh,"hQ8>buby"".|e",Fabien,Trott,ftrottfh@163.com
zbigleyfi,eL4<b=&r%`Xw,Zechariah,Bigley,zbigleyfi@w3.org
mstirtonfj,gR8}/hnmBn4,Mersey,Stirton,mstirtonfj@bing.com
mrapofk,wV8?B)?18q,Melvyn,Rapo,mrapofk@google.com.hk
jeggarfl,zT8@x?d}k#Zp,Jackelyn,Eggar,jeggarfl@networksolutions.com
rmerridayfm,oG9+P~U?%R_yChl,Randie,Merriday,rmerridayfm@imageshack.us
mprigmorefn,pZ5/1G}!bjUJ+,Mollie,Prigmore,mprigmorefn@acquirethisname.com
bcufflinfo,"fB1,=!0R6z$Ql$N2",Bevin,Cufflin,bcufflinfo@alibaba.com
smcculloughfp,qC1/U!1x`<NfBEa,Sisile,McCullough,smcculloughfp@cisco.com
bigoefq,wW9#7rYbo,Bronson,Igoe,bigoefq@github.io
jgillilandfr,zA4?FD/Fup@=,Janaye,Gilliland,jgillilandfr@cornell.edu
bmcevayfs,oN4&'Z#Iw,Benetta,McEvay,bmcevayfs@ezinearticles.com
alinsterft,"mU9""0}2V)F/smw!@",Alessandra,Linster,alinsterft@wordpress.com
jgulliventfu,wU8{u9DKa3Z~k5,Jolynn,Gullivent,jgulliventfu@phpbb.com
phufferfv,wM9}lB$pyXCk,Phaidra,Huffer,phufferfv@weebly.com
jjorckfw,eY9}se6_n(.,Jacquelyn,Jorck,jjorckfw@yahoo.co.jp
vandriuzzifx,nL7=!\siWGm,Verine,Andriuzzi,vandriuzzifx@hibu.com
msuthrenfy,uH9$UgDytAynK,Maryjane,Suthren,msuthrenfy@fema.gov
akleinertfz,cE2`3.R0E$6#/F,Audre,Kleinert,akleinertfz@va.gov
qlemeryg0,fY9+5orkGlG,Quill,Lemery,qlemeryg0@usa.gov
obarreaug1,"zK1#g?zj%,",Odella,Barreau,obarreaug1@skyrock.com
sciementinig2,"pG1?=YI~3,",Susanetta,Ciementini,sciementinig2@biblegateway.com
sgarnhamg3,eP2./40\}h0nwEGd,Sunshine,Garnham,sgarnhamg3@chicagotribune.com
dbroadistg4,cX0'3VBj8g,Darline,Broadist,dbroadistg4@t.co
mprettejohnsg5,"sI3+5u""s",Marshal,Prettejohns,mprettejohnsg5@miitbeian.gov.cn
egirauxg6,"tL4,J4UMYVoJZGOQ",Ella,Giraux,egirauxg6@jugem.jp
cfootittg7,cY1'`?`fsq!,Cynde,Footitt,cfootittg7@cnet.com
traistong8,gM2(#8usbF2W#OO,Taylor,Raiston,traistong8@bloglines.com
hmuggeridgeg9,cI9~_.dsT)D#_%m,Helena,Muggeridge,hmuggeridgeg9@amazon.de
ialdcornga,"zO8,wZ~C",Isabel,Aldcorn,ialdcornga@ebay.com
nrabiergb,wD4\2f`J,Nana,Rabier,nrabiergb@ezinearticles.com
dklebesgc,"iD6?DQlPO,",Dinny,Klebes,dklebesgc@timesonline.co.uk
senrichgd,"vB3$w9L""cmWD8*HU",Sinclair,Enrich,senrichgd@goodreads.com
fzuponege,"dE5,3u=`""Sv>)E",Ferd,Zupone,fzuponege@wiley.com
abaccasgf,dW0+iz}XD*c*~9*f,Ania,Baccas,abaccasgf@earthlink.net
nhaggethgg,"rL5*`c,0W=0y",Nelie,Haggeth,nhaggethgg@rakuten.co.jp
sdemezagh,"sQ2$D3O""$Qr0F8",Sherye,Demeza,sdemezagh@acquirethisname.com
rstandellgi,wK7}<LOP,Reed,Standell,rstandellgi@nature.com
efiguragj,"bP6#,StvL`",Eugenius,Figura,efiguragj@xrea.com
msonnenscheingk,zU5\u3`9d,Meagan,Sonnenschein,msonnenscheingk@shutterfly.com
bnooregl,pP8@8/$\,Blair,Noore,bnooregl@ihg.com
ckoomargm,dK9`t|sZiP%Hdk/A,Cody,Koomar,ckoomargm@google.com
adrifegn,tX8&XC~<!e2,Adelice,Drife,adrifegn@vistaprint.com
wkegggo,pY2%F{d_B.8!.D,Wrennie,Kegg,wkegggo@google.it
jsmyleygp,lT7`!vKG',Julie,Smyley,jsmyleygp@lycos.com
dsavillgq,zL7`gb$kDTL7>3e,Dolley,Savill,dsavillgq@tripadvisor.com
lhightowngr,cU7\2B)96v1MF4b,Lem,Hightown,lhightowngr@bravesites.com
egibbygs,qF3&F8tytl*L\s},Eolanda,Gibby,egibbygs@theatlantic.com
wgadaultgt,iX2{~t+P,Wolfie,Gadault,wgadaultgt@rambler.ru
jkmietschgu,iP9`#Js|z3cWF,Jackqueline,Kmietsch,jkmietschgu@sogou.com
edoddridgegv,"rH9%K""pdkiXCQ",Emyle,Doddridge,edoddridgegv@addtoany.com
jungerergw,wO2_os?RR1M>`,Jacquelynn,Ungerer,jungerergw@studiopress.com
mwallengx,"lJ1""@EEDKhsXCp",Moise,Wallen,mwallengx@cnet.com
fitzakgy,vY8)+>$#SAMlHdr,Foster,Itzak,fitzakgy@eventbrite.com
tlydiategz,pV5_6gHV#JO,Tove,Lydiate,tlydiategz@msu.edu
logleasaneh0,cT8~kU9k/D>,Lulita,O'Gleasane,logleasaneh0@joomla.org
cfoskewh1,jT0#!pBK?wFFtD,Carl,Foskew,cfoskewh1@hud.gov
yentwisleh2,"pB0#7,upGP}",Yehudi,Entwisle,yentwisleh2@com.com
lwhereath3,gY6)`sES%WCjuT,Leslie,Whereat,lwhereath3@boston.com
sgooddayh4,"sA8""I~N.",Salomone,Goodday,sgooddayh4@amazonaws.com
froscherh5,bF0/Pck)j*a/U,Fowler,Roscher,froscherh5@pagesperso-orange.fr
asamweyesh6,wD3/O=fQ}oc8><q,Audrye,Samweyes,asamweyesh6@whitehouse.gov
dgentyh7,"bN9""rZ/y_!PgQ",Dru,Genty,dgentyh7@dell.com
schippinh8,rH0~`BMs}B1<pZa1,Simonette,Chippin,schippinh8@addthis.com
bmatoush9,uL2\=mx&}%aTw=(F,Britney,Matous,bmatoush9@msu.edu
dyepiskopovha,jH3~h}zZW!5Ra(,Danica,Yepiskopov,dyepiskopovha@tuttocitta.it
eabbysshb,"fX5`#fr|x,+1M",Elenore,Abbyss,eabbysshb@youku.com
chirjakhc,vU2~}wBnwRSr3,Cordie,Hirjak,chirjakhc@pen.io
crozhd,kC7'R<>Ef,Conrado,Roz,crozhd@nih.gov
nbrafertonhe,"sA6,Yp#fXg{t",Nell,Braferton,nbrafertonhe@weibo.com
lrusbridgehf,kN9.3x_b?TaGH\F,Leyla,Rusbridge,lrusbridgehf@scribd.com
mjakubskihg,oU5)GJM_P)4,Murdock,Jakubski,mjakubskihg@un.org
skilfeatherhh,zN9=7mobw,Sandy,Kilfeather,skilfeatherhh@theglobeandmail.com
mlambertazzihi,uL1#3<QIg\%,Marieann,Lambertazzi,mlambertazzihi@deviantart.com
sdaughtryhj,vF3#NYkWH2Wt,Sigrid,Daughtry,sdaughtryhj@nationalgeographic.com
gsloleyhk,dJ2_3~qR6)Y,Gabie,Sloley,gsloleyhk@springer.com
sknollesgreenhl,kF4+\rM=#h=TB=T?,Stan,Knolles-Green,sknollesgreenhl@usa.gov
jovenhm,"pJ7#h?klR0I,l`n",Jacinda,Oven,jovenhm@pbs.org
kgregerhn,qD1'j/Ni!JxRiB,Korie,Greger,kgregerhn@alibaba.com
jpooltonho,xI8_Rao|Ru\,Jake,Poolton,jpooltonho@twitpic.com
bgodsmarkhp,dG9_@P9Z'l20hx,Bealle,Godsmark,bgodsmarkhp@bloglines.com
egirodinhq,qU7}GC\_zS\/4>9,Elita,Girodin,egirodinhq@hubpages.com
njaggihr,uM1$Wnj*K,Neala,Jaggi,njaggihr@dot.gov
skinneirhs,jH3(|&G8w.,Saxe,Kinneir,skinneirhs@reddit.com
bmackartanht,hT9/{9ArFR,Brock,MacKartan,bmackartanht@illinois.edu
dbattrumhu,fN5`qCitv+$,Dame,Battrum,dbattrumhu@bbb.org
tclaytonhv,pN3?+%lE5HsNBz,Trevor,Clayton,tclaytonhv@sfgate.com
kcyseleyhw,pK4(z%hyw,Kareem,Cyseley,kcyseleyhw@zimbio.com
imccurthx,"gH1,chuG",Ileana,McCurt,imccurthx@reddit.com
wdewberryhy,yI2>@3Jphj$!S,Winnie,Dewberry,wdewberryhy@github.com
vblewhz,bD3_sPi6,Valry,Blew,vblewhz@usnews.com
mdevillei0,eR4)**pK,Marty,De-Ville,mdevillei0@tripadvisor.com
lshaldersi1,rS1`mX)q|9>,Lucretia,Shalders,lshaldersi1@yellowbook.com
igoldsworthyi2,fJ4&Hc>%Y,Ida,Goldsworthy,igoldsworthyi2@cnbc.com
lcristofanoi3,"vM4""#5i$o1k",Lonnard,Cristofano,lcristofanoi3@wufoo.com
scaldairoui4,jU5'P20Q\kuKQ,Sybila,Caldairou,scaldairoui4@ft.com
ameganyi5,rX5'KIHqu,Alex,Megany,ameganyi5@over-blog.com
dbrundelli6,qG8%_+B49,Domeniga,Brundell,dbrundelli6@smh.com.au
jkarysi7,dX1>$a)i4,Johnathon,Karys,jkarysi7@twitter.com
dgorewayi8,zE2'7#M$m$<U},Daryle,Goreway,dgorewayi8@tuttocitta.it
cworsnupi9,pI6(n\yNClXBE3,Constancia,Worsnup,cworsnupi9@ebay.com
mdewareia,nD7?$f>gJZyy,Margeaux,Deware,mdewareia@webeden.co.uk
scampbellib,"oJ4>q0ZRF2,HJeA",Sophie,Campbell,scampbellib@japanpost.jp
teskriettic,dF8{K|Ij+T++aen,Thurston,Eskriett,teskriettic@fastcompany.com
hstobbsid,"bO2<~AJ,IfYa$x",Hollyanne,Stobbs,hstobbsid@exblog.jp
myoungerie,gQ1)sbKUWD~WR7)',Margalit,Younger,myoungerie@sakura.ne.jp
tcolganif,yX0~uUZcYh,Taddeusz,Colgan,tcolganif@xrea.com
cmolohanig,bV1(o78Y$<,Catherin,Molohan,cmolohanig@psu.edu
ngeldefordih,"qS7%f"">Wb%Afg#G",Northrop,Geldeford,ngeldefordih@acquirethisname.com
gkerneii,tD0}2Gf!Q6*H%B,Gratiana,Kerne,gkerneii@sciencedirect.com
dhourstonij,dW5(58*aF<,Dino,Hourston,dhourstonij@godaddy.com
cpawelczykik,sA1*=tTG8M,Conroy,Pawelczyk,cpawelczykik@blogger.com
dchristleyil,mO5\gUeyC,Domingo,Christley,dchristleyil@engadget.com
ihounsonim,fV6?gHqWAMZ!,Ina,Hounson,ihounsonim@g.co
mgorringin,hJ0{H|yHmI,Matthew,Gorring,mgorringin@joomla.org
mhendrichsio,aQ1!B=6Etq*nb~,Marylin,Hendrichs,mhendrichsio@sina.com.cn
aoshieldsip,bO1\+6'#uQ/y.4V,Arvy,O'Shields,aoshieldsip@ebay.co.uk
lcullingworthiq,jN8{V%Dhn,Lev,Cullingworth,lcullingworthiq@desdev.cn
fdavidescuir,mM7)jkHp1<'HGDN,Flinn,Davidescu,fdavidescuir@ucoz.ru
akenninghamis,"dR1<=nt,*A}",Abbe,Kenningham,akenninghamis@blinklist.com
lhounsomit,mQ6+OX.rijb1BZ,Lou,Hounsom,lhounsomit@google.co.uk
aartrickiu,sT9>}'\3@c*ev,Alberto,Artrick,aartrickiu@uol.com.br
srymeriv,wR5&Fb@l#!,Sean,Rymer,srymeriv@comsenz.com
mscanterburyiw,kH7\PO$.,Merlina,Scanterbury,mscanterburyiw@about.me
tmackaigix,"aU9,18FaCTx){#",Tymothy,MacKaig,tmackaigix@newsvine.com
dmumbyiy,qT9<F2TxQC$CWsb,Davidson,Mumby,dmumbyiy@canalblog.com
dfairlambiz,tO1/WGZB,Dun,Fairlamb,dfairlambiz@creativecommons.org
cmortelj0,uF5#)tWw&+p,Carolin,Mortel,cmortelj0@tinyurl.com
llyonsj1,lB1?Slz_e6,Lanae,Lyons,llyonsj1@ucsd.edu
rdufrayj2,rL9`UiXZ,Remy,Du Fray,rdufrayj2@state.gov
dcrunkhurnj3,lP3=y3O4>sAx'{&6,Denver,Crunkhurn,dcrunkhurnj3@ox.ac.uk
mmacnameej4,cG9`8_kC5WbL,Minetta,MacNamee,mmacnameej4@uol.com.br
gpibsworthj5,aW9>S_u#W~,Garry,Pibsworth,gpibsworthj5@example.com
tblazyj6,"hO4""%1|h+fGR6P",Tess,Blazy,tblazyj6@spiegel.de
nhoulahanj7,"fH6%D,V/Cb2~rw",Natala,Houlahan,nhoulahanj7@ask.com
fnewburyj8,bA8\#oe8e1RIfrW,Fae,Newbury,fnewburyj8@yolasite.com
qramsayj9,dL4}h\ChiILk&~3?,Quinton,Ramsay,qramsayj9@blinklist.com
mlaleveeja,cX6*4m+ZefB,Marijo,Lalevee,mlaleveeja@bloglines.com
mrichingsjb,nK8%P3ORU$IK1W,Magnum,Richings,mrichingsjb@cargocollective.com
tbalaisonjc,"eY8=`x#FVuu=""p+",Tildy,Balaison,tbalaisonjc@51.la
bcorishjd,yT0#}AbA$Q#*$C,Britni,Corish,bcorishjd@harvard.edu
mpridieje,aY8~k.lXr|*qz<Q/,Marcia,Pridie,mpridieje@bbb.org
jtopleyjf,pD4>{{{kp3,Janessa,Topley,jtopleyjf@weather.com
kmitkinjg,aN9>#1?JC!$2<,Kenton,Mitkin,kmitkinjg@nps.gov
iloveringjh,xO1~4G2J0,Inger,Lovering,iloveringjh@hugedomains.com
gwisbyji,"qS4""FL{fSW|!n$|?",Gar,Wisby,gwisbyji@slideshare.net
isidaryjj,"mR9&I8C""nC)LWV",Idette,Sidary,isidaryjj@webs.com
lstagjk,mY6)RA\=,Liza,Stag,lstagjk@domainmarket.com
jbunklejl,xH5#(Zj0,Joyann,Bunkle,jbunklejl@domainmarket.com
cpottagejm,fQ7~V6EH<X,Cindelyn,Pottage,cpottagejm@xrea.com
bhannamjn,oV0*&GGg,Bertrand,Hannam,bhannamjn@wunderground.com
ajeskinsjo,gN4>a5tAkKK_&,Ainsley,Jeskins,ajeskinsjo@t-online.de
afrankesjp,"fK9\sh""T/@,\.&ER",Ariel,Frankes,afrankesjp@bloglovin.com
boscanlanjq,"hW6,PWnF_b_",Broderick,O'Scanlan,boscanlanjq@army.mil
sfigurskijr,kU4(A#ZY8G/M,Sharl,Figurski,sfigurskijr@usnews.com
jkrebsjs,"mJ8&?ObL,%\",Jeana,Krebs,jkrebsjs@mashable.com
hpeytojt,pQ7%GW>HDSG|q`,Hettie,Peyto,hpeytojt@nature.com
hdollarju,nL2&>&nz<.l|0cG,Hurley,Dollar,hdollarju@chron.com
tbecklesjv,"gZ4~p\?xT""",Trula,Beckles,tbecklesjv@about.com
pivanishchevjw,qY1{Wx!XO,Phip,Ivanishchev,pivanishchevjw@oaic.gov.au
tblackstockjx,hA3%=s<rER.,Tomkin,Blackstock,tblackstockjx@globo.com
tsoutherelljy,bW1/{'vR|,Trace,Southerell,tsoutherelljy@hc360.com
aswashjz,rU3_E1d6E@M<d,Adrian,Swash,aswashjz@sina.com.cn
jshavesk0,"fE6""p=aqm%6aCCZ",Jennine,Shaves,jshavesk0@apache.org
jhanscomk1,hI0)!1`1,Janene,Hanscom,jhanscomk1@telegraph.co.uk
rnucciik2,"nG3#xgkQ}ap3B\+""",Rebecka,Nuccii,rnucciik2@goo.gl
rfassk3,cG6%YQZa/L><,Rick,Fass,rfassk3@google.com.au
hpountneyk4,lQ9_0vkb66}%w,Hugues,Pountney,hpountneyk4@php.net
icuxsonk5,iF5!XzZff#,Ianthe,Cuxson,icuxsonk5@reference.com
mburlingamek6,"kF9,t}QTtf!EP\|{",Moe,Burlingame,mburlingamek6@indiatimes.com
cfairbrotherk7,yI6~kpXv,Charley,Fairbrother,cfairbrotherk7@walmart.com
mgrabbk8,jH4=yoLto,Marylou,Grabb,mgrabbk8@goo.gl
pghirigorik9,wQ8{oy~I5s\4\f,Pru,Ghirigori,pghirigorik9@wikispaces.com
pstickinska,xK2+ZJbemM60r,Pavla,Stickins,pstickinska@nytimes.com
mdastkb,tJ2<5luZ,Mathew,Dast,mdastkb@salon.com
wlaingmaidkc,hO5`O)FH.,Wolfgang,Laingmaid,wlaingmaidkc@ca.gov
lgrixkd,wM5>QO.!KjP9M,Lexi,Grix,lgrixkd@yale.edu
ewitsonke,iT2\*g=K)',Erma,Witson,ewitsonke@mozilla.com
hburchesskf,uA5$~Uiz8,Hercules,Burchess,hburchesskf@github.com
awhitlockkg,"tR7,.D+c",Andie,Whitlock,awhitlockkg@timesonline.co.uk
kdemichettikh,"gX2{Y6g,B*d8M`m{",Kahlil,De Michetti,kdemichettikh@google.fr
kgresleyki,eA8|uxH.S,Kin,Gresley,kgresleyki@about.me
fraffelskj,qB1/BfGlBotBsCf,Fredrick,Raffels,fraffelskj@wikia.com
holdredkk,rO5>k=hi,Harmony,Oldred,holdredkk@census.gov
cdikelskl,"kY5`W0m_@,2*.tNW",Constance,Dikels,cdikelskl@sitemeter.com
sosheilskm,fT3#FhFYSA,Sampson,O'Sheils,sosheilskm@photobucket.com
talcockkn,"fV9(,tiA",Tessa,Alcock,talcockkn@soundcloud.com
wberridgeko,sU4_R3uF8Sl({b,Wat,Berridge,wberridgeko@over-blog.com
etwidalekp,sA6`TIoH,Englebert,Twidale,etwidalekp@indiegogo.com
mdowreykq,"rX8""=i=jvJ$pZh~Y",Melvin,Dowrey,mdowreykq@newsvine.com
slintallkr,mZ0}H4Lw4XYD$sV=,Steven,Lintall,slintallkr@comcast.net
bbandieraks,"eW1,cQ=,{",Beth,Bandiera,bbandieraks@chron.com
dkarpekt,"vG0,Gb2IM&*F@",Dareen,Karpe,dkarpekt@google.co.jp
smcaveyku,"aK5,$B>D`LG",Stevy,McAvey,smcaveyku@google.de
sceyssenkv,fF5$3QBP,Stefan,Ceyssen,sceyssenkv@rakuten.co.jp
fmacgibbonkw,"aU2$,{NiQIJe",Felecia,MacGibbon,fmacgibbonkw@dagondesign.com
sgoneaukx,uX6\ah4~TOkU0,Shannah,Goneau,sgoneaukx@ucla.edu
atoothky,sU8{n%&wN>$,Aubry,Tooth,atoothky@theatlantic.com
gartindalekz,pJ2~vs@0%yac\2A.,Gilda,Artindale,gartindalekz@github.com
sgoforthl0,"nU3""H)w1snS",Selia,Goforth,sgoforthl0@admin.ch
dtamsl1,eQ7`}8AcE,Daile,Tams,dtamsl1@fda.gov
rheitonl2,"iC9$""3R""bCms,x",Ruddy,Heiton,rheitonl2@imgur.com
habbetsl3,fQ6'OD`~hE`0W73,Hubey,Abbets,habbetsl3@exblog.jp
ipereiral4,eC3'csBe5~>/PP\,Ives,Pereira,ipereiral4@exblog.jp
mharel5,iS4\yWzo3k=XP,Miles,Hare,mharel5@senate.gov
dqualtrol6,eD6#`\wS,Doroteya,Qualtro,dqualtrol6@1688.com
kbraveyl7,"mF0""""<}u}2\",Keeley,Bravey,kbraveyl7@addtoany.com
slawmanl8,sZ7$1*OvO)o6Pu,Shea,Lawman,slawmanl8@sourceforge.net
dblinmanl9,kS4|2pU+,Devlen,Blinman,dblinmanl9@pagesperso-orange.fr
eninnottila,gL8+NZW|Mz%',Elyssa,Ninnotti,eninnottila@unblog.fr
egiannasilb,qC7<`f#n0+eIb$G,Eberhard,Giannasi,egiannasilb@mit.edu
esummerbelllc,dI9$QxAm9'+q,Emyle,Summerbell,esummerbelllc@youtu.be
hvitetld,uW7%Ti_Ijs,Hamnet,Vitet,hvitetld@mayoclinic.com
wtixallle,mO9_0)Yu,Walker,Tixall,wtixallle@msn.com
sthurberlf,nZ6(IdkO,Shae,Thurber,sthurberlf@oakley.com
eogglg,wA3.Nn4EH'xvyk,Eldon,Ogg,eogglg@cargocollective.com
kwillshawlh,"eZ2!V,+h}9GZG_@",Kori,Willshaw,kwillshawlh@spiegel.de
kvardenli,eC7@1xZ\hj,Kathie,Varden,kvardenli@drupal.org
etreadgerlj,mO2+R*WZ=o&,Eadmund,Treadger,etreadgerlj@loc.gov
vwrathalllk,nM9>{@ql&WYH,Vinita,Wrathall,vwrathalllk@yolasite.com
bbamlingll,sT6/ARwiZSa,Brunhilde,Bamling,bbamlingll@squarespace.com
ariepellm,"zZ5#=4nrzF!J""Tc/",Angela,Riepel,ariepellm@squarespace.com
ealexsandrovichln,gO0@ZhMC{Fg@>,Evangeline,Alexsandrovich,ealexsandrovichln@topsy.com
normshawlo,aE6%K${GhMS/~7K7,Nefen,Ormshaw,normshawlo@dropbox.com
arosenbuschlp,zK2#nfeW%Z~,Ann-marie,Rosenbusch,arosenbuschlp@twitpic.com
rarminlq,"pU0,z59k5RR#4m",Rosana,Armin,rarminlq@mysql.com
nwintersonlr,kQ5&*tYQUt5TN$xw,Nanon,Winterson,nwintersonlr@un.org
fpietsmals,dA2{i~xL9,Francine,Pietsma,fpietsmals@mayoclinic.com
jcoverleylt,"jA1""Qfoh",Jackie,Coverley,jcoverleylt@apache.org
rbucklandlu,"gX1,xoy_Zbug",Raddie,Buckland,rbucklandlu@samsung.com
qburlesslv,aQ4.nvFJP/,Quill,Burless,qburlesslv@nih.gov
shannentlw,xE3#tGk<,Stephannie,Hannent,shannentlw@histats.com
jholylandlx,jI3#/\RL+99._,Janette,Holyland,jholylandlx@japanpost.jp
hrestallly,nT3/nL>19'lV0,Herbie,Restall,hrestallly@wired.com
aagiuslz,nU5+pTDg,Alon,Agius,aagiuslz@360.cn
hyushachkovm0,"nB4+J/MQh<Vg,",Hinda,Yushachkov,hyushachkovm0@sun.com
tdunnem1,"xJ9""1K1CN'",Tyrus,Dunne,tdunnem1@va.gov
wdavisonm2,wE1$zV/'#DHz,Weber,Davison,wdavisonm2@harvard.edu
twyeldm3,zE7`fLBPKPJ.6,Teena,Wyeld,twyeldm3@washingtonpost.com
iodohertym4,lK9(z|VUhGx05N.o,Irwinn,O'Doherty,iodohertym4@multiply.com
belpheem5,"hS5$I,=Iff`?S*",Beitris,Elphee,belpheem5@t-online.de
salbarezm6,"bF5}(ju%k.gM_)""%",Sorcha,Albarez,salbarezm6@miibeian.gov.cn
dbackhurstm7,aN6<sN_fsL$YJfNU,Dulce,Backhurst,dbackhurstm7@delicious.com
nreddelm8,eZ6%0f%+,Norman,Reddel,nreddelm8@chron.com
treiachm9,pF0\SO8u,Tades,Reiach,treiachm9@wordpress.com
bjakubovskyma,wV3.+}\JF,Bunnie,Jakubovsky,bjakubovskyma@slate.com
cocallaghanmb,"lI6'""WPK",Christoper,O'Callaghan,cocallaghanmb@cbsnews.com
kpavlitschekmc,sG1#?K$(k6aZ.j,Koo,Pavlitschek,kpavlitschekmc@japanpost.jp
bgumbrellmd,uS5{BBbffn>NhN,Ben,Gumbrell,bgumbrellmd@nationalgeographic.com
jdyetme,"xI1!{Oa#xuG,",Jorrie,Dyet,jdyetme@mapy.cz
dpappsmf,aN4%9$(~d,Dunstan,Papps,dpappsmf@usnews.com
rslimingsmg,sD2)YM=4,Roana,Slimings,rslimingsmg@biglobe.ne.jp
wdirandmh,"lC5,ZOE81=!'M",Waite,Dirand,wdirandmh@a8.net
mdumbreckmi,bY5<S%\1,Malory,Dumbreck,mdumbreckmi@home.pl
gmckeowonmj,"oK6.=DgeIy4""X",Glori,McKeowon,gmckeowonmj@vimeo.com
lmomerymk,tV1`F/f2jeH0q,Levin,Momery,lmomerymk@theguardian.com
rreadwingml,yI3$iWQ&w$QdH,Rosaline,Readwing,rreadwingml@amazon.com
zcranstonemm,iM6<2R)lD0,Zebulon,Cranstone,zcranstonemm@cbslocal.com
sskylettmn,qN6>9z'mqeaZ$Hj,Stefan,Skylett,sskylettmn@thetimes.co.uk
rnannimo,mD3./k_9E_Y,Ricard,Nanni,rnannimo@issuu.com
mdunstermp,aQ1.=}!eQ,Molli,Dunster,mdunstermp@wp.com
nvisickmq,xN0)yxuc#!v,Nevsa,Visick,nvisickmq@xrea.com
mtrevethanmr,dQ3<@9\X<Tffu,Moishe,Trevethan,mtrevethanmr@twitter.com
ktruderms,eC1~iX1$5cxc.v,Karon,Truder,ktruderms@google.it
jbaggettmt,zT5~JUsMR@\',Jody,Baggett,jbaggettmt@tinyurl.com
jneasammu,"cG6_yJ,qdSN&0V?D",Jasun,Neasam,jneasammu@hud.gov
nmoulsdalemv,aE0+rB.tf(AWr,Nero,Moulsdale,nmoulsdalemv@intel.com
dmccrowmw,gS1_*fbIyfTTPb,Darby,McCrow,dmccrowmw@technorati.com
jsaintmx,"jE1=,K1/@2E",Jarrid,Saint,jsaintmx@netlog.com
hsavidgemy,eC8!ByiPvp(,Honor,Savidge,hsavidgemy@mail.ru
mlisimoremz,"tY1_,(+r5",Massimo,Lisimore,mlisimoremz@earthlink.net
ahallsworthn0,tD9|)xcQAk/|R`k&,Aguistin,Hallsworth,ahallsworthn0@altervista.org
mleportn1,"fO5%Fg(,*48Dm",Mordy,Le Port,mleportn1@java.com
wdurkern2,zK0&BAphzI=lIs>,Wynny,Durker,wdurkern2@ebay.com
nbennyn3,cO8*nMf(TL3tqv,Nicoli,Benny,nbennyn3@is.gd
ltresken4,"dN9)vE,G,Ir",Laurent,Treske,ltresken4@blog.com
afrankenn5,xN8%hr?Mf,Anatole,Franken,afrankenn5@dell.com
hredfordn6,oM2/|?QLP0vT{21.,Harman,Redford,hredfordn6@arstechnica.com
clugardn7,"iM3'XI~pZ,kV2ov",Charla,Lugard,clugardn7@amazon.com
mormshawn8,xC0%&P\Faq)68~/,Matteo,Ormshaw,mormshawn8@woothemes.com
apadillon9,sS6(M#!3awb@u,Amara,Padillo,apadillon9@prweb.com
arubanenkona,mI9>D?xmZG+P,Alberto,Rubanenko,arubanenkona@hibu.com
obaseggionb,kH1$gxwu2*YPyg00,Orelle,Baseggio,obaseggionb@mozilla.com
lbromfieldnc,jY1\OvfdNk7*<,Laurella,Bromfield,lbromfieldnc@ebay.co.uk
ssantacrolend,"nH0,y8lh",Selie,Santacrole,ssantacrolend@princeton.edu
gziemsenne,qZ6}`06~AZ8w,Giles,Ziemsen,gziemsenne@ocn.ne.jp
bsivyournf,"dL9+E,PR}.'w7&",Britte,Sivyour,bsivyournf@vinaora.com
ibergstramng,aT8$VIJa1B,Irma,Bergstram,ibergstramng@elpais.com
gshuardnh,qI2#Ab.v)f1g,Geraldine,Shuard,gshuardnh@engadget.com
scraighallni,sR6|XmSOas3\k,Sheffield,Craighall,scraighallni@posterous.com
cstuckownj,hY1?Ryq*1t0*I,Cordell,Stuckow,cstuckownj@jiathis.com
bbeenk,cQ8_Dxt&yZm,Bent,Bee,bbeenk@fda.gov
gberkeleynl,lM8'WYos,Gisela,Berkeley,gberkeleynl@umn.edu
gbickleynm,gR0<y3(Vq,Gearalt,Bickley,gbickleynm@hatena.ne.jp
emeeusnn,vI2(H}UpZ,Etti,Meeus,emeeusnn@wikimedia.org
aohearno,yW2{.s1RI,Afton,O'Hear,aohearno@accuweather.com
sperrinchiefnp,dA3+De9tbPJA<,Stevie,Perrinchief,sperrinchiefnp@lulu.com
sthorringtonnq,zY1`Aa6N9LQTN}Di,Sybyl,Thorrington,sthorringtonnq@loc.gov
ssenyardnr,zH9(wT7k,Siffre,Senyard,ssenyardnr@google.com.hk
eislipns,qR2)13%ZtQ,Elle,Islip,eislipns@wp.com
agoodyernt,xJ6&/zINPm,Arnold,Goodyer,agoodyernt@yellowbook.com
sbuddnu,hW8#0rwFnDW!g,Sayres,Budd,sbuddnu@123-reg.co.uk
lpallantnv,"fT7(`m""""TP1",Lurleen,Pallant,lpallantnv@gravatar.com
mmathennw,mB6#WU<gd1\_,Mike,Mathen,mmathennw@seattletimes.com
dlatheenx,"aM3~""@jMs1n",Dwain,Lathee,dlatheenx@facebook.com
ctrenchardny,nD0)_p>zq_,Caro,Trenchard,ctrenchardny@jigsy.com
cgoedenz,pI0\=thF1,Clary,Goede,cgoedenz@merriam-webster.com
kzannio0,"eS0@!Rhd2c>c(%""q",Kameko,Zanni,kzannio0@pen.io
wbradyo1,uK0%c$QRq,Waverly,Brady,wbradyo1@imgur.com
ecarnsono2,eD2=G1$Vj&!,Eleanora,Carnson,ecarnsono2@pcworld.com
eroskelleyo3,vC5?_L`\SgZil,Ellerey,Roskelley,eroskelleyo3@hhs.gov
gstriblingo4,fR2@kEM'l_QRtl4U,Gale,Stribling,gstriblingo4@whitehouse.gov
escarrisbricko5,kV0)_0O0<,Estella,Scarrisbrick,escarrisbricko5@skyrock.com
lworhamo6,wK5@P5QPxs4f,Lissa,Worham,lworhamo6@washingtonpost.com
rdougaryo7,xM4*4~b`'%Ap%0,Randy,Dougary,rdougaryo7@jugem.jp
tgoldneyo8,aV1\H+Hm,Tammie,Goldney,tgoldneyo8@samsung.com
rpearso9,"bX9''b""qPH4\gp",Raimund,Pears,rpearso9@desdev.cn
mdoolandoa,eA0?*X{M'&zU,Marylynne,Dooland,mdoolandoa@digg.com
ktrudeob,"uU8?it""'HCjHH",Keeley,Trude,ktrudeob@ted.com
rmcguinleyoc,sN8=!uFQPq,Raynell,McGuinley,rmcguinleyoc@shinystat.com
ogillonod,"gQ4%L9,E",Osmond,Gillon,ogillonod@cargocollective.com
ltoftsoe,rO5%Pn'1h)C<G)Au,Lionel,Tofts,ltoftsoe@spotify.com
ilackof,"qN4>kglPPgxR+_,b",Iorgo,Lack,ilackof@boston.com
rpockog,zC0=6T|K,Richmound,Pock,rpockog@zimbio.com
screllinoh,"gA5>8C$5A""ct6L",Sallyann,Crellin,screllinoh@hp.com
bdumphryoi,qM7(j@+pXaayHH.,Berenice,Dumphry,bdumphryoi@diigo.com
tdeyesoj,wG9$iN<f.b}Ba,Teddie,Deyes,tdeyesoj@archive.org
athomessonok,"fD4@_>w,}DT",Abbie,Thomesson,athomessonok@squarespace.com
kbramsenol,wG7%}62fmu#3/{os,Killian,Bramsen,kbramsenol@squidoo.com
fburgerom,jD7'2N6Q,Franciskus,Burger,fburgerom@biblegateway.com
ysollonon,iG6<+mv%|Sx,Yehudit,Sollon,ysollonon@sohu.com
tsylvesteroo,"dS4\+,@1zC'`d#_",Theda,Sylvester,tsylvesteroo@tripod.com
wascoughop,qL4@@gjo*5bmwrJ,Wilton,Ascough,wascoughop@amazon.co.jp
cskelbeckoq,gF0$3u>zG+eN1m,Codie,Skelbeck,cskelbeckoq@accuweather.com
mecclesor,vO0!Q|%5$miit,Madonna,Eccles,mecclesor@wikispaces.com
ktabbernoros,"sW3`WGT9e""V{6x",Klement,Tabbernor,ktabbernoros@fda.gov
tcutfordot,oC5~uNap,Thurstan,Cutford,tcutfordot@google.co.jp
kebbuttou,bY9*`'%5o`cl/,Kitty,Ebbutt,kebbuttou@uiuc.edu
lvisteov,gV4(>.D6VMPN#,Lexine,Viste,lvisteov@github.io
cbinehamow,lK4)&Zn&@wsneTLQ,Caty,Bineham,cbinehamow@chron.com
pdibdaleox,"oY0""mf{NzR6{",Peggie,Dibdale,pdibdaleox@nature.com
aiddinsoy,qI7)L_4%,Agace,Iddins,aiddinsoy@house.gov
mapfleroz,gE2/Hr$P*CeN!GD,Mart,Apfler,mapfleroz@smh.com.au
kkitep0,zT5=h&Pa,Kendra,Kite,kkitep0@so-net.ne.jp
rgoldstonep1,bA6}`~u3R<{{8/j,Robbie,Goldstone,rgoldstonep1@domainmarket.com
xnanuccioip2,mW3'k}0eHO)AjE,Xenos,Nanuccioi,xnanuccioip2@altervista.org
skintishp3,tX0{d(}6(,Sunshine,Kintish,skintishp3@amazon.com
lcortesp4,"aK6~X4BM|$""XJE",Lonnie,Cortes,lcortesp4@salon.com
dboweringp5,pJ1\26Xjkx!Vn,Daryl,Bowering,dboweringp5@usatoday.com
mbeckleyp6,"bW4_*|}""!A79",Martie,Beckley,mbeckleyp6@opensource.org
eshearap7,xY5(0HRy#Wn<WZ8,Erl,Sheara,eshearap7@seattletimes.com
rfronekp8,"kT7#zdZ|,!=SJ",Robena,Fronek,rfronekp8@disqus.com
mduckittp9,"iI0,Hpz@L~zK6""",Marcia,Duckitt,mduckittp9@example.com
hjosephypa,"eQ8""u=4=_.6m""?4g",Howey,Josephy,hjosephypa@blinklist.com
qemerpb,nR2`f+SS`Ma,Queenie,Emer,qemerpb@salon.com
fezzellpc,eP0%C3Bk&,Ferdinande,Ezzell,fezzellpc@omniture.com
ffrowdpd,"yF7%svPmr1,",Fremont,Frowd,ffrowdpd@wikia.com
mstudmanpe,"mN9""f}3Ivs.""s",Marius,Studman,mstudmanpe@apache.org
mbelleniepf,oU5.F=7isjCr#8w|,Marcelle,Bellenie,mbelleniepf@deliciousdays.com
divenspg,"bN6%'H""p5pVCC",Dee,Ivens,divenspg@hostgator.com
jhatfieldph,"cX8*q\o3PG""&",Jackelyn,Hatfield,jhatfieldph@gnu.org
fpearnepi,pD1~)OsozYp,Felipe,Pearne,fpearnepi@craigslist.org
rballendinepj,"jK9""Y4!Cl}(YyI}k",Reggy,Ballendine,rballendinepj@bizjournals.com
rbalmerpk,iC0|wODH,Reina,Balmer,rbalmerpk@ftc.gov
igregorypl,aJ4*5Jl=MA,Ivonne,Gregory,igregorypl@examiner.com
adickypm,tQ3(UZ.wWSq,Adamo,Dicky,adickypm@t-online.de
kfullstonepn,zS7!dhdQY\4&l,Kimble,Fullstone,kfullstonepn@t.co
gdecopemanpo,gV1+IY7'$IyTkH,Grete,de Copeman,gdecopemanpo@unicef.org
mjellmanpp,mC5|TZTXj(F%,Meaghan,Jellman,mjellmanpp@networkadvertising.org
ngilliespq,gK0+e?Cz3,Nanette,Gillies,ngilliespq@addtoany.com
ahickspr,aX8%K+}Q`tLiNd,Athena,Hicks,ahickspr@amazon.co.uk
apeppinps,wF5.%s9B'GTBkDj,Abdel,Peppin,apeppinps@xing.com
edibsonpt,"dO8'g4>,C.go",Elysia,Dibson,edibsonpt@netlog.com
cmchirriepu,"mH1,nx9nmH2",Christin,M'Chirrie,cmchirriepu@mlb.com
dshotboultpv,gM8_P*VK{E,Debbie,Shotboult,dshotboultpv@opera.com
aspeachleypw,"cK3$7x,lsB",Allister,Speachley,aspeachleypw@sciencedirect.com
hmargrempx,jR9~`8vxJ81LD(N,Hasty,Margrem,hmargrempx@digg.com
nsibbsonpy,xC9|Ced+(<whzl&i,Nathanael,Sibbson,nsibbsonpy@lycos.com
gwedmorepz,jO7%ed1$(,Giselle,Wedmore.,gwedmorepz@ehow.com
cmerrileesq0,pW8(4J5jq9di5,Carrol,Merrilees,cmerrileesq0@independent.co.uk
bjacobq1,bI1*V@u6Sy?#(,Brewer,Jacob,bjacobq1@cbslocal.com
pgleadleq2,vP8@T*P%%,Penelope,Gleadle,pgleadleq2@list-manage.com
jleggeq3,oC3`RUB1tG,Jenifer,Legge,jleggeq3@trellian.com
jkeavenyq4,wK3<Zt\rgW,Jeri,Keaveny,jkeavenyq4@ox.ac.uk
bdewdneyq5,"hN5*M""a""iAx""X~iy",Belva,Dewdney,bdewdneyq5@bizjournals.com
mmaudittq6,fD1|OF~vr)inCD1,Marlowe,Mauditt,mmaudittq6@ucsd.edu
rcarefullq7,kI5#kL?x8+J,Randell,Carefull,rcarefullq7@istockphoto.com
mswitsurq8,uO8/O*)ivQxa67Q,Monika,Switsur,mswitsurq8@wsj.com
bmclugishq9,"eY1!cB""+K4",Bridget,McLugish,bmclugishq9@hatena.ne.jp
ccaddieqa,pZ2&)AS}V_i,Chancey,Caddie,ccaddieqa@reddit.com
inatwickqb,xP2<cSh4,Isabella,Natwick,inatwickqb@wikispaces.com
mmorseyqc,iK5+.l'dA0+#g(V,Mirabelle,Morsey,mmorseyqc@oracle.com
lgianulloqd,cA1<l2*jdEftz,Lenee,Gianullo,lgianulloqd@blogspot.com
wcomerqe,tY3>Ai_h,Witty,Comer,wcomerqe@ning.com
mcheneqf,"yR7""$0$XZ&j""FEZw",Marven,Chene,mcheneqf@senate.gov
pyarrantonqg,gQ0#l`*U,Penelope,Yarranton,pyarrantonqg@tumblr.com
mjaquissqh,"wS6""&LAOqraJ",Melicent,Jaquiss,mjaquissqh@diigo.com
kbrenstuhlqi,tO5=#s`o,Kerk,Brenstuhl,kbrenstuhlqi@yelp.com
mfelderqj,bJ3}IfBXV<&r\=l,Marlee,Felder,mfelderqj@typepad.com
mleethemqk,"zJ5=Ju=,=q",Mellie,Leethem,mleethemqk@booking.com
agoorql,uA7\JkxF7S`}j,Austin,Goor,agoorql@creativecommons.org
gbaldingqm,"aD3""!t+h$)*}*~v#",Gale,Balding,gbaldingqm@wired.com
fsimonazziqn,"uG5'c?$c>fn""4N",Fayette,Simonazzi,fsimonazziqn@bandcamp.com
gpearseqo,uZ9~y&wz5EcPZP,Glenn,Pearse,gpearseqo@1688.com
hmclanachanqp,"tB1|&d=+6=o""|D~Y",Hasty,McLanachan,hmclanachanqp@zdnet.com
aklineqq,xK3=|W6I,Aluino,Kline,aklineqq@techcrunch.com
emeniqr,lK9=L29PszG~5c,Etheline,Meni,emeniqr@twitpic.com
lkubiakqs,"sV8""Gz&G\j/LE&.",Lewes,Kubiak,lkubiakqs@elegantthemes.com
wtrenowethqt,xN3!WLE.{,Weber,Trenoweth,wtrenowethqt@sbwire.com
pgurkoqu,pU9>xs?I,Pippa,Gurko,pgurkoqu@live.com
vstillingqv,"mF0,e`a1eDtU",Viola,Stilling,vstillingqv@craigslist.org
gcatenotqw,uA2*3`#WV8{5(vs,Gunilla,Catenot,gcatenotqw@mozilla.com
rmacparlanqx,oL8)ASXJz&Hm>OI8,Reggie,MacParlan,rmacparlanqx@bluehost.com
akhristoforovqy,rA0!|SA6I`,Aurelia,Khristoforov,akhristoforovqy@indiatimes.com
mpryceqz,fH1%uxXYRYcM6,Mirella,Pryce,mpryceqz@foxnews.com
nchabler0,fY9#JCTj_,Noah,Chable,nchabler0@nature.com
dbalmer1,uT4.B5'qpw,Dorine,Balme,dbalmer1@e-recht24.de
dvoglr2,iN1.B.hsG*ZR,Douglass,Vogl,dvoglr2@home.pl
fdumberrillr3,pE3!XA+do,Floyd,Dumberrill,fdumberrillr3@google.pl
ldonizeaur4,lT3!}9~Ji,Lelia,Donizeau,ldonizeaur4@hud.gov
mthackerayr5,"zN4,,YIWdO5hx/r",Mair,Thackeray,mthackerayr5@deliciousdays.com
yorrissr6,"zS0/}G""o5l",Yolane,Orriss,yorrissr6@surveymonkey.com
ccarnoghanr7,bM0&.jCo,Cesya,Carnoghan,ccarnoghanr7@sciencedaily.com
lchottyr8,zV1=g`G>k,Lacy,Chotty,lchottyr8@mtv.com
edeussr9,"sL4""8o0CkH~v9On&",Emmaline,Deuss,edeussr9@prlog.org
ftutinra,nJ5_X?=3tl,Francklin,Tutin,ftutinra@cbslocal.com
lpericorb,pG9|8U6CX_7dT#,Lars,Perico,lpericorb@dell.com
sholylandrc,iO7=dc&56CDlMFR,Swen,Holyland,sholylandrc@wordpress.com
gdansonrd,"vA6,UV.'*dFQ2",Goldina,Danson,gdansonrd@wufoo.com
wpigotre,jG6<=1f9n,Whitman,Pigot,wpigotre@berkeley.edu
skighlyrf,gV7!*G}5KBN(,Sal,Kighly,skighlyrf@patch.com
narmorrg,jB1`I&.2sg/,Nial,Armor,narmorrg@unesco.org
chalyrh,"eO9""GypICvuo",Carol,Haly,chalyrh@fema.gov
jkoopmanri,kR0#F@jR{L}N@W,Jacinta,Koopman,jkoopmanri@twitpic.com
mcrowcherrj,"mF2>,niCD",Morgana,Crowcher,mcrowcherrj@europa.eu
acampanark,"fC1!bQ=""",Anders,Campana,acampanark@wikispaces.com
cgorrickrl,cQ5%1.ITGl#,Casie,Gorrick,cgorrickrl@mediafire.com
lsketcherrm,"bU6""GaMuz&",Lucilia,Sketcher,lsketcherrm@diigo.com
ovogelrn,kZ0!Z7Bx~ETtM,Ofelia,Vogel,ovogelrn@usa.gov
sbuddro,vC4'/1y+,Stephen,Budd,sbuddro@networksolutions.com
ecastellacciorp,uQ1*E*H_606o241,Emmaline,Castellaccio,ecastellacciorp@naver.com
awornumrq,rE5&z?A2@+T7p99,Antonina,Wornum,awornumrq@hibu.com
icasinerr,"cL7`Z%X@,!",Inez,Casine,icasinerr@geocities.jp
