"Bode, Hilll and D'Amore"
"Rau, Smith and Okuneva"
Erdman and Sons
"Mayer, Davis and Hahn"
Wintheiser Inc
Spinka-Cummings
Sawayn Group
Lesch and Sons
Lemke Inc
Wolf LLC
Raynor LLC
Lehner-Stracke
Grant-Beer
D'Amore LLC
Mann-Price
"Waters, O'Reilly and Walter"
Dare-Olson
Beier LLC
Schaden-Donnelly
Paucek Group
Stiedemann-Ratke
"Bogisich, Larson and Stoltenberg"
Ruecker Inc
Casper Group
"Ryan, O'Conner and Kessler"
"Koepp, Dietrich and Mante"
Rice-Casper
Baumbach-Dicki
Schultz-Hegmann
Lesch-Nader
"Quitzon, Lynch and Watsica"
Kirlin Inc
Grady-Howell
"Rippin, Herman and Tremblay"
Haag-Erdman
"Cormier, Parker and Braun"
"Watsica, Wolff and Koss"
Purdy LLC
"Hermann, Klein and Yundt"
"Marquardt, King and Pouros"
Herman-Stanton
Lynch-Terry
Graham-Satterfield
"Cole, Jacobs and Wuckert"
Shanahan-Terry
"Considine, Kuhic and Fisher"
Kassulke-Kreiger
"O'Keefe, Huel and Yundt"
Blanda-Wisozk
"Schamberger, Ferry and Boehm"
Wehner LLC
"Tillman, Grimes and Gibson"
Bednar and Sons
Yundt-Kub
"Wiza, Dibbert and Jacobson"
Weber-Pagac
"Hane, Bauch and Kutch"
Maggio-Powlowski
Oberbrunner and Sons
"Simonis, Hauck and Kuphal"
"Wunsch, Kassulke and Conroy"
"Tromp, Bechtelar and Jast"
"Morissette, Bashirian and Cole"
Kiehn-Padberg
Klein-Smith
Quitzon LLC
Ruecker LLC
"Hyatt, Gusikowski and Swift"
"McClure, Reynolds and Armstrong"
"Jacobs, Moore and Spinka"
Osinski-Hane
Schumm Inc
Morar LLC
Hintz Inc
Lubowitz Group
Johns-Ondricka
"Marvin, Kuvalis and Leuschke"
Kutch-Ratke
Herzog-Hansen
"Swift, Stiedemann and Johnson"
"Mosciski, Kiehn and Rosenbaum"
Flatley-Weimann
"Hoeger, Hirthe and Lang"
Wisoky Group
"Kohler, Mayert and Leuschke"
Kreiger LLC
"Veum, Wisoky and Krajcik"
Shields-Herzog
Smith LLC
West Inc
Watsica-Auer
Rutherford-Wiegand
Pacocha-Kohler
Koss-Beahan
Wilderman-Gleichner
"Stehr, Johnston and Konopelski"
Bruen-Ryan
Graham Inc
Runolfsdottir Inc
"Lynch, Gerlach and Beahan"
"Windler, Green and Ritchie"
Mills and Sons
Shanahan-Roberts
"Zemlak, Tremblay and Jones"
"Grimes, Mertz and Lind"
"Wunsch, Turner and Davis"
Huel Group
Willms-Moen
Goyette Group
"Keeling, Hodkiewicz and Dickens"
"Rohan, Zboncak and Bauch"
Bahringer and Sons
"Koepp, Toy and Lind"
"Brown, O'Conner and Will"
Willms-Murphy
Kilback Inc
Heaney-Farrell
"Armstrong, Champlin and Klein"
"Price, Morissette and Rippin"
Hoppe LLC
"Koepp, Hickle and Towne"
Wilderman-Breitenberg
Swift-Goyette
Leffler-Brown
Jast-Nienow
Medhurst-Wunsch
Parisian-Halvorson
Kris and Sons
"Gottlieb, Kirlin and Brown"
Weissnat and Sons
Jacobson-Brown
Schmidt-Feil
Towne Group
Harris Group
"Purdy, Metz and Hilll"
Herzog-Hamill
"Crist, Conroy and O'Hara"
Larkin and Sons
"Bayer, Koelpin and Torp"
Jast and Sons
"Jenkins, Mills and Cremin"
Rogahn-Cormier
Deckow-Boyer
"Breitenberg, Dare and Windler"
Kris-Will
"Kling, DuBuque and Torp"
Dach-Anderson
"Herzog, Cormier and Boyle"
Quitzon Group
Conn-Marks
Welch Inc
"Sipes, Tremblay and Ziemann"
Dicki-Kunde
Denesik-Wisozk
Powlowski LLC
Hamill LLC
Larkin-Considine
Schaden Inc
"Mueller, Torphy and Buckridge"
Beer-Stroman
Shields LLC
Harber Inc
"Hackett, Walsh and Morar"
Buckridge-O'Reilly
"Williamson, Langworth and Renner"
Boyer-Walker
Schroeder and Sons
O'Reilly-Bartell
Adams Group
"Crist, Tremblay and Treutel"
"Hackett, Hickle and Kuphal"
Stroman-Kertzmann
Blanda-Hintz
Streich-Heidenreich
"Koelpin, Nolan and Bergnaum"
Denesik LLC
Powlowski-Kilback
McClure and Sons
"Roberts, O'Reilly and Fadel"
Ortiz-Nikolaus
"Weber, Shields and Kris"
Beatty-Berge
Casper and Sons
"Hauck, Labadie and Walsh"
O'Connell Group
"Erdman, Willms and Ankunding"
"Langosh, Terry and Bernier"
"Schultz, Lockman and Stehr"
Durgan-Schowalter
"Waters, Hills and Rohan"
Rath-O'Keefe
"Ondricka, Spinka and Moen"
"Hirthe, Stokes and Kuhic"
"Batz, Hammes and McKenzie"
"Cronin, Tillman and Cassin"
"Wilkinson, Dickinson and Greenholt"
Treutel and Sons
Dietrich and Sons
Schulist Inc
Schultz-Grady
"Johnson, Hirthe and Mraz"
Dickinson-Sporer
Cruickshank-Flatley
Homenick Inc
"Harvey, Wisozk and Lakin"
Olson-McLaughlin
Pfeffer and Sons
"Ryan, Kovacek and Cartwright"
"Jakubowski, Ebert and Oberbrunner"
Ritchie Group
"Hagenes, Dickinson and Abbott"
Fritsch Group
Parisian and Sons
Pfeffer and Sons
Mertz-O'Hara
Schmeler-Langosh
Leuschke Group
Mante Inc
Blanda-White
Rau and Sons
Gutkowski-Koelpin
"Bernhard, Rath and Hartmann"
"Harvey, Dickens and Deckow"
Luettgen-Halvorson
Johnston LLC
"Rogahn, Morar and Kertzmann"
Swift-Emard
Daugherty-Larson
Bernier-Koelpin
"Block, Tillman and Waelchi"
"Tromp, Cremin and Ruecker"
Johnston-Bergnaum
Runolfsson LLC
Rohan-Hickle
Lynch LLC
"Lebsack, Schuster and Hoeger"
Stamm Group
"Marks, Botsford and McDermott"
"Langworth, Will and Heidenreich"
Baumbach LLC
Balistreri-Jakubowski
Nikolaus and Sons
Grant Inc
Kovacek-Simonis
Daugherty-Jenkins
"Nicolas, Mosciski and Hyatt"
Kiehn and Sons
"Lehner, Fisher and Herzog"
Feest Inc
Conroy-White
Ziemann-Yundt
Kassulke Group
Schmitt-Ziemann
Denesik LLC
Okuneva-Kovacek
Purdy and Sons
"King, Farrell and Mante"
"Orn, MacGyver and Rippin"
Kemmer-Beer
Lueilwitz Group
Jakubowski-Kohler
Lueilwitz Inc
Ondricka Group
"Schiller, Cormier and Larson"
"Prosacco, O'Conner and Mraz"
Dietrich and Sons
Hand Group
Ortiz LLC
Franecki LLC
"Rau, Deckow and Feest"
Grady-Kshlerin
Deckow LLC
Moore Inc
Brakus-Adams
"Wolf, Sauer and Mann"
Kessler-Jenkins
"Schiller, O'Hara and Keeling"
Emard Inc
"Rogahn, Kunde and Larson"
DuBuque LLC
Homenick LLC
Kiehn-Huels
"Powlowski, Hoeger and Schaefer"
"Smitham, Lehner and McKenzie"
Wiza-Schmidt
Walker Inc
"Dickinson, Reichert and Hansen"
Veum and Sons
Reichert-Kunde
Jakubowski and Sons
Dach Inc
"Gulgowski, King and Kozey"
Mertz LLC
Wiza and Sons
Nicolas-Erdman
Cole-Casper
Hyatt LLC
Balistreri-Borer
Halvorson Group
Rohan Group
Hills-Thiel
"Swift, O'Conner and Larson"
Considine LLC
"Hahn, Rutherford and Carroll"
Lang Group
"Nitzsche, Leuschke and Dickinson"
"Kulas, Hermiston and Wunsch"
Shields-Gibson
Sawayn LLC
Hudson and Sons
"Nader, Buckridge and Hegmann"
"Gerlach, Boyer and O'Keefe"
Hermann-Brekke
Mertz LLC
"Bahringer, Beatty and Willms"
Lynch-Heller
Klein-Davis
"Larson, Halvorson and Walter"
Kuhlman-Kulas
"Blick, Green and Satterfield"
"Robel, Towne and Simonis"
Walsh LLC
Kub-Treutel
Mosciski-Moore
Batz-Prohaska
Turcotte-Kuhn
Stamm and Sons
Schroeder and Sons
"Dare, Mills and Stracke"
"Blanda, Beahan and Rath"
"Johns, Fahey and Nitzsche"
Nitzsche-Sauer
"Stark, Schumm and Schumm"
Treutel Group
Leuschke and Sons
"Collins, Okuneva and Stoltenberg"
Olson and Sons
Price-McKenzie
"Aufderhar, Barrows and Cronin"
"Abernathy, Labadie and Nienow"
"Osinski, Cremin and Okuneva"
Brekke Group
Bernhard and Sons
Metz-Cummings
Casper Group
Pouros-Crist
"Krajcik, Spinka and Friesen"
"Lang, Christiansen and Reynolds"
Boyer LLC
Hettinger-Roob
"Wunsch, Bayer and Christiansen"
Wuckert Group
Hoeger-Bayer
Blanda LLC
Conroy-O'Reilly
Dietrich-Harvey
Aufderhar-Rogahn
Bogan Inc
Moen-Brekke
Hills-Monahan
Stehr LLC
Thompson LLC
Legros-Franecki
Schaefer-Legros
"Abbott, Wuckert and Beahan"
"Gottlieb, Stehr and Larkin"
Spinka-Koch
"Johnson, Connelly and Kub"
Mosciski and Sons
Hermiston-Will
Fay LLC
White LLC
"Bayer, Sanford and Prohaska"
Stiedemann and Sons
Mitchell-Wiza
Maggio-Berge
Walter LLC
"Lynch, Hammes and Schinner"
Kassulke Group
Friesen Inc
Padberg-Kessler
Simonis-Quigley
"Hartmann, Kutch and Marvin"
Pfannerstill-Leuschke
"Hintz, Roob and Brekke"
Brakus-Boyer
"Sauer, Kuhlman and Abbott"
Cormier-Heathcote
Weimann Inc
Jacobson and Sons
Sipes-Volkman
O'Conner LLC
Bahringer-Cartwright
Turcotte and Sons
Larson LLC
"Hane, Hintz and Feeney"
Langosh-Steuber
Pfeffer-Rogahn
Crist and Sons
Beier-Gutmann
"Howe, Jakubowski and White"
Buckridge Inc
Morar-Skiles
Huels-Crooks
"Williamson, Trantow and Keeling"
Abbott Group
"Simonis, Bahringer and Purdy"
"Heidenreich, Cassin and Roob"
"Pfannerstill, Jones and Franecki"
Harvey-Hills
Waelchi-Hessel
Fisher-Muller
Langworth Group
Funk Group
Erdman and Sons
Schowalter Inc
Leannon Group
"Champlin, Bartell and Ward"
"Kunde, Dickinson and Stiedemann"
Zboncak LLC
"Hickle, Orn and Prosacco"
Larkin-Bergnaum
"McCullough, Rutherford and Thiel"
"Mayer, Morar and Herman"
Spinka LLC
Bednar-Berge
Hauck-Kerluke
Rutherford-Rath
Shanahan Inc
Botsford-Rowe
"Ratke, Paucek and Wehner"
Rutherford and Sons
Schmeler Inc
Beier-Rempel
Cummings and Sons
Terry and Sons
"Jakubowski, Pagac and Kautzer"
Wolff-Hickle
"Schmitt, Weber and Muller"
Herman LLC
"Skiles, Halvorson and Douglas"
Quigley-Hills
Grimes-Dickens
Anderson-Streich
"Moore, Metz and Metz"
Roob Group
Schulist-McLaughlin
"Grady, Feeney and McDermott"
"Kling, Roob and Okuneva"
Kemmer and Sons
Bode and Sons
Bechtelar LLC
Heller Inc
Schmitt LLC
Kuhlman LLC
"Walker, Yundt and Langworth"
Hilpert-Bins
Buckridge Group
Nolan-Champlin
"Jakubowski, Pacocha and Fadel"
Denesik-Homenick
"Runte, Ankunding and Welch"
Carter Group
"Simonis, Wiegand and Rogahn"
Kuhlman-Wiegand
Nicolas LLC
Auer and Sons
Daugherty-Ratke
Goodwin and Sons
Lueilwitz Inc
Dach Inc
Spencer-Kertzmann
Zieme LLC
Hayes-Larkin
"Doyle, Gutmann and Rippin"
"Rippin, Reynolds and Padberg"
"Cremin, Morissette and Ullrich"
Ritchie LLC
Fadel and Sons
Rippin LLC
Gibson LLC
Pagac-Stark
"Smith, Schmitt and Collins"
Nolan-Cassin
"Thiel, Frami and Fay"
Littel and Sons
"Legros, Hahn and Hintz"
"Hilll, Swift and Walter"
Osinski-Willms
Wunsch and Sons
Bashirian-Smith
"Mills, Grimes and Nolan"
Huels-Murazik
"Jerde, Walter and Wiegand"
Schmitt-Haley
Huels Inc
Lehner-Grant
"Howell, Schimmel and Kutch"
O'Connell-Ryan
"Gusikowski, Yundt and Wiegand"
"Wintheiser, Weber and Mraz"
Kemmer Inc
"Reilly, Wisoky and Bergstrom"
Trantow-Jerde
"Luettgen, Walter and Casper"
Rippin and Sons
Baumbach-Hirthe
Hoppe-Bergnaum
Macejkovic Group
Hyatt-Vandervort
Hickle-Bashirian
"Bruen, Hauck and Doyle"
Homenick-Christiansen
Schoen and Sons
Kuphal and Sons
Reichel and Sons
"Hettinger, Miller and Beer"
"Ryan, Lind and Hickle"
Corwin Inc
"Heidenreich, Okuneva and Lemke"
Flatley LLC
Douglas-Kris
Cremin-Bauch
"Schmitt, Murray and Hauck"
Kuhic-Morar
Fadel-Smith
"Dicki, Simonis and Spencer"
Waters LLC
"Corkery, Stroman and Shields"
"Hamill, Hettinger and Mann"
Doyle Group
Rutherford-Ratke
Wolff-Walsh
Satterfield Group
Stamm and Sons
Stoltenberg-Witting
"Rowe, Schinner and Kutch"
DuBuque-Baumbach
Keeling-Lakin
Beatty-Towne
Fadel Group
"Franecki, Kuhn and Kulas"
Gleichner Inc
Ward-Farrell
Vandervort-Schoen
Stamm-Schamberger
"Boyle, Schamberger and Balistreri"
Robel-Fritsch
Cummerata and Sons
Mitchell-Lueilwitz
Zulauf-Johns
Veum and Sons
"Harris, Zieme and Williamson"
Legros Group
"Bernier, Koepp and Koss"
"Cormier, Klein and Langworth"
Conn LLC
Stark Inc
"Bernhard, Cummerata and Russel"
"Romaguera, Rogahn and Renner"
"Huels, Jacobs and Doyle"
"Gutmann, Marvin and Frami"
Rau-Armstrong
"Dare, Okuneva and Crooks"
Towne-Wisoky
Hoppe Group
Goyette Group
"Beer, Crist and Champlin"
"Borer, Rau and Kozey"
Lynch-Borer
Wilderman-Heller
Bradtke Group
Fisher-Willms
"Koepp, Towne and Rempel"
"Crona, Jones and Erdman"
"Bogisich, Mertz and Konopelski"
"Reichert, Sauer and Greenfelder"
"Jones, Lang and Wehner"
Zboncak-Hagenes
Prohaska-Shields
"Keeling, Schroeder and Stroman"
"Kutch, Sauer and Osinski"
Conn and Sons
"Hermiston, Kirlin and Ledner"
"Grimes, Greenholt and Beier"
Beier Group
Cormier Group
Waelchi-Kutch
Buckridge-Hilpert
"Wehner, Schultz and Veum"
"Waelchi, Harber and Simonis"
"Schimmel, Wintheiser and Schinner"
Nolan and Sons
"Schmitt, Gerhold and Stamm"
Kirlin Group
Lockman-Kris
Sipes Group
Ankunding Inc
Carter-Swaniawski
Okuneva LLC
"Morissette, Brakus and Wilderman"
Strosin Inc
"Marvin, Shanahan and Marks"
Effertz-Beer
Murazik-White
Cole-Dibbert
"Deckow, Ferry and Gleason"
Spinka-DuBuque
Johnson Inc
Tremblay-Barrows
Will LLC
"Kuhlman, Wolf and Deckow"
Dach LLC
Collins Inc
Rohan Inc
Hilll-Flatley
Price-Johns
Deckow-Reilly
Paucek-Nolan
Rice Inc
Erdman Inc
"Luettgen, Greenholt and Block"
Crooks-Pollich
Doyle-Stark
Beier-Streich
Parker LLC
Ryan-Waters
"Jast, Thiel and Von"
Maggio-Dibbert
Donnelly-Balistreri
"Jast, Breitenberg and Hamill"
"Hills, Harber and Gerhold"
"Fadel, Daugherty and O'Conner"
Gutkowski LLC
Schaden Inc
"Spencer, Vandervort and Bradtke"
"Reinger, Rogahn and Carroll"
Kling-Wiza
"Dach, Walsh and Kulas"
Hilll-Kirlin
Stark and Sons
Hammes-Rohan
Marquardt-Gleichner
Cummerata-Abshire
"Botsford, Gleason and Connelly"
"Lowe, Hagenes and Dickinson"
"Batz, Rowe and Huel"
Bosco Inc
McClure-Boyer
Kling LLC
"Turcotte, Frami and Kassulke"
"Greenfelder, Spencer and Koelpin"
"Johnston, Prosacco and Heidenreich"
"Cummerata, Blanda and Powlowski"
Fahey-Homenick
"O'Hara, Runolfsson and Friesen"
"Marquardt, Reichel and Thiel"
"Carroll, Labadie and McCullough"
"Bradtke, O'Kon and Vandervort"
Huel-Pagac
Pfannerstill-Davis
"Cole, Herman and Jenkins"
Labadie Inc
Johnson Group
Schamberger-Herzog
Balistreri-Hirthe
Graham and Sons
Johns and Sons
"Williamson, Will and MacGyver"
"McLaughlin, Dickens and McDermott"
Ziemann-Runolfsson
Witting-Kihn
Schuppe and Sons
Moen-Anderson
Denesik-Ziemann
Hickle-Kshlerin
Schumm-Huel
Wuckert-Metz
Quigley-Turcotte
Gulgowski Group
Nikolaus-Waters
Larkin Group
Doyle-Quigley
Ferry and Sons
"Powlowski, Klein and Harvey"
"Lakin, Rowe and Muller"
White-Schneider
"Goldner, Mertz and Kub"
Hayes Group
Gutmann-Conn
"Pagac, Weimann and Schowalter"
Heaney-Goyette
"Barton, Lueilwitz and Breitenberg"
Predovic-Wilkinson
Volkman Group
"Reichert, VonRueden and Hoeger"
"McDermott, Flatley and Collier"
"Schmidt, Bashirian and Konopelski"
"Cassin, Toy and Lebsack"
Dare-Bruen
Pfannerstill LLC
Beahan-Jakubowski
Cremin-McClure
Doyle-Zieme
"West, Schmeler and Tremblay"
"Yundt, Schuppe and Kulas"
Ratke LLC
Strosin-Schneider
Gislason-Weber
Reichert Inc
Dach-Walker
Shanahan Inc
"Collins, Morar and Bashirian"
Doyle-Franecki
Hintz Inc
Schuppe-Turner
Bradtke Group
"Bartell, Hirthe and Goyette"
"Stroman, Lehner and Fisher"
Padberg-Herman
"Nienow, Heathcote and Goldner"
"Weber, Murray and Feest"
"Gottlieb, Kerluke and Halvorson"
Jakubowski-Dickinson
Abbott LLC
"Spinka, Stracke and Heaney"
"Wiza, Goyette and Leuschke"
Beier-Mohr
Blick and Sons
Aufderhar and Sons
"Green, Emmerich and Legros"
"Mertz, Bins and Marvin"
Armstrong and Sons
"Kling, Koss and Yost"
Shields-O'Reilly
Frami and Sons
Walter Group
Cruickshank LLC
Krajcik-Jones
Reilly Inc
"Ziemann, Heathcote and Cormier"
Gleason and Sons
Kuhlman and Sons
"Muller, Hartmann and Gutkowski"
Kilback-Wyman
Ritchie Group
Skiles-Oberbrunner
Bauch-Block
Prosacco Inc
Hodkiewicz LLC
"Dietrich, Daugherty and Kessler"
"Macejkovic, Champlin and Barrows"
Emmerich Inc
"Spinka, Murray and Ryan"
Considine-Wiza
Champlin-Terry
Hammes-Orn
Harvey-Schimmel
Wolf-Davis
Muller-Hintz
Kuvalis Inc
"Mueller, Bradtke and Bergstrom"
"Pfeffer, Wilderman and Hayes"
Franecki LLC
"Ziemann, Kassulke and Lubowitz"
Heidenreich LLC
Waelchi and Sons
Zulauf LLC
Hauck LLC
Hermann-Hickle
Williamson LLC
"Quigley, Vandervort and Weimann"
Pagac and Sons
Langworth Inc
Quigley-Waters
"Stiedemann, O'Hara and Padberg"
Jacobi-Blanda
"Luettgen, Dietrich and Gleason"
Koch-Russel
"Lynch, Waelchi and Renner"
"Mertz, Armstrong and Fisher"
"Brown, Roberts and Pfeffer"
Schmeler Group
"Terry, O'Kon and Ankunding"
"Friesen, Conroy and Hammes"
Bogisich LLC
Schuster LLC
"Bogan, Wisozk and Davis"
Hirthe-Blick
"Bruen, Bauch and Rippin"
"Ondricka, Weissnat and Bruen"
Jerde Group
"Casper, Sawayn and Hamill"
Howe and Sons
Skiles Group
Dooley-Mueller
Hodkiewicz LLC
Sporer-Schowalter
Herman-Yost
Carter LLC
"Balistreri, Rutherford and DuBuque"
Bernier-Fahey
"Pfannerstill, Boehm and Brakus"
Hamill and Sons
Robel-D'Amore
Schneider Group
Hamill Inc
Carter-McDermott
Mertz-Stehr
Reichel LLC
Wunsch-Prohaska
Homenick-Russel
"Ortiz, Flatley and Bogan"
"Bauch, Mayert and Little"
Howell-Wolff
Stark Group
"Sipes, Jones and Jerde"
"Parisian, Rutherford and Carroll"
Kuhic Group
Stamm-O'Hara
Hagenes LLC
"DuBuque, Jenkins and Abbott"
Leannon and Sons
"Heaney, Gusikowski and Crist"
Cummerata-Howell
"O'Conner, Koelpin and Brekke"
"Mayer, Altenwerth and Wiza"
Berge and Sons
Adams-West
Upton and Sons
Jacobson-Adams
"Gibson, Flatley and Towne"
Emmerich and Sons
"Mann, Collins and Yost"
Dooley-Dietrich
Kunze Group
Armstrong-Cruickshank
Gibson and Sons
Stark-Yost
Hoeger-Lueilwitz
Konopelski-Treutel
Williamson and Sons
Gulgowski-Dickinson
Kub Group
Dickinson Inc
Walter and Sons
Bashirian Group
Christiansen Inc
Kreiger Inc
"Lueilwitz, Collins and Christiansen"
Stoltenberg Group
Smitham and Sons
Grimes Group
Bins Group
"Witting, Abernathy and Thiel"
Grady Inc
MacGyver Inc
"Erdman, O'Conner and Reilly"
"Schuster, Upton and Kautzer"
Dietrich-Schmeler
Glover and Sons
Runolfsdottir-Spinka
Raynor-Stokes
Zemlak-Hettinger
Schimmel-Hilll
Schmeler and Sons
Thompson Inc
"Grimes, Witting and Shields"
"Hahn, Robel and McClure"
Steuber Inc
"O'Connell, Nolan and Hickle"
Franecki-Lockman
Stanton and Sons
Becker-Bailey
Nader Group
Bergnaum-Spencer
Barrows-Tremblay
Fahey Group
Russel-Gutmann
King and Sons
"Von, Thompson and Von"
Leannon-Gusikowski
McCullough Group
"Wiza, Kling and Brakus"
"Klein, Welch and O'Hara"
Deckow Group
"Gottlieb, Thompson and Bednar"
"Halvorson, Boyle and Lebsack"
Cormier and Sons
"Hirthe, Kertzmann and Satterfield"
"Halvorson, Weissnat and Feeney"
"McDermott, Powlowski and Kiehn"
Upton-Herzog
Dare-Lubowitz
VonRueden Inc
"Dicki, Roob and Kovacek"
"Reilly, Torp and Boyer"
Baumbach Group
"Koch, Becker and Kozey"
"Hoppe, Bergstrom and Rohan"
Bechtelar-Donnelly
"Cormier, Wyman and Champlin"
Barton-Dare
"Jerde, Larson and Kris"
Lynch and Sons
Schinner Inc
"Huels, Parker and Wehner"
"Lemke, Connelly and Borer"
"Beahan, Upton and Volkman"
Kling-Mueller
Hagenes and Sons
Kunde LLC
Hauck Group
"Klocko, Moore and Dibbert"
Schulist and Sons
Feest Inc
Olson-Abernathy
Orn Group
Sporer-McDermott
"Schiller, Rowe and Muller"
"Lubowitz, Greenholt and Becker"
Fritsch-Brekke
"Schuster, Price and Mertz"
Dooley-Schoen
Koelpin LLC
"Lesch, Rau and Simonis"
Lesch-Steuber
Schroeder-Carter
Altenwerth-Donnelly
"Lemke, Conroy and Collins"
Ondricka-Senger
"Bruen, Hermann and Gottlieb"
Krajcik-Ullrich
"Roob, Mante and Kohler"
Lang Group
"Gutkowski, Borer and Stamm"
Lockman Inc
"Kuphal, Buckridge and Hyatt"
"Rodriguez, Ullrich and Hyatt"
Gleason-Daniel
Weber-Mante
Kerluke-Ullrich
"Steuber, Brekke and Stamm"
Stark-Haag
Altenwerth Group
Heathcote-Hermiston
"Gerhold, Fay and Sauer"
"Runte, Swaniawski and Wunsch"
Nicolas-Bogisich
"Lind, Pfannerstill and Sipes"
McCullough Group
"Langosh, Swift and Wiza"
Gibson-Fritsch
"Hoppe, Becker and Bartell"
Roberts-Simonis
Bartoletti-Kuphal
Ullrich-Lehner
Harber-Shanahan
Pacocha Inc
Schiller and Sons
Waelchi Group
Simonis Inc
"Goyette, Hills and Okuneva"
Von Inc
Stamm LLC
"Kuhn, Frami and Torp"
Mann Group
Welch and Sons
"Wisoky, Kuhic and Mueller"
Adams-Nitzsche
"Reinger, Daugherty and Schumm"
"Cruickshank, Murray and Stark"
Yost-Strosin
"Conroy, Shanahan and Yundt"
Corwin-McCullough
Steuber Inc
"Schaefer, Lubowitz and Mitchell"
Langosh and Sons
Abbott Group
Gutmann-Schuppe
Halvorson and Sons
"Walsh, Mitchell and Dickinson"
Willms Group
"Schuster, Steuber and Nitzsche"
O'Kon Inc
O'Connell LLC
"Reilly, Kuhlman and Mann"
Nienow-Kiehn
"Aufderhar, Crist and Halvorson"
Koss-Wunsch
Mitchell-Reynolds
Cronin Inc
Ankunding-Romaguera
Torphy-Hickle
Daniel-Stiedemann
Rohan Group
"Streich, Hilpert and Gulgowski"
Rowe-Gorczany
"Herzog, Lynch and Effertz"
Kilback-Kerluke
