user_uuid,platform_uuid
4a73f506-424e-43f3-b8aa-a5173f3e386f,aaaaaaa1-aaaa-aaaa-aaaa-aaaaaaaaaaa1
4a73f506-424e-43f3-b8aa-a5173f3e386f,aaaaaaa3-aaaa-aaaa-aaaa-aaaaaaaaaaa3
57be9178-29e0-454c-b298-1c716616097d,aaaaaaa2-aaaa-aaaa-aaaa-aaaaaaaaaaa2
57be9178-29e0-454c-b298-1c716616097d,aaaaaaa4-aaaa-aaaa-aaaa-aaaaaaaaaaa4
e6051857-d1c6-4e1c-b8de-c47c02dbedd6,aaaaaaa1-aaaa-aaaa-aaaa-aaaaaaaaaaa1
e6051857-d1c6-4e1c-b8de-c47c02dbedd6,aaaaaaa2-aaaa-aaaa-aaaa-aaaaaaaaaaa2
e6051857-d1c6-4e1c-b8de-c47c02dbedd6,aaaaaaa3-aaaa-aaaa-aaaa-aaaaaaaaaaa3
aedcaf3d-752a-4cb3-ad95-84797c01caaa,aaaaaaa4-aaaa-aaaa-aaaa-aaaaaaaaaaa4
3cde5563-ff27-424a-a706-17c147c742a6,aaaaaaa1-aaaa-aaaa-aaaa-aaaaaaaaaaa1
3cde5563-ff27-424a-a706-17c147c742a6,aaaaaaa2-aaaa-aaaa-aaaa-aaaaaaaaaaa2
9695ea24-8f09-4444-9724-e25909c45c35,aaaaaaa3-aaaa-aaaa-aaaa-aaaaaaaaaaa3
880b1ad3-82a4-4a60-a00b-6f7a6f1dc26c,aaaaaaa1-aaaa-aaaa-aaaa-aaaaaaaaaaa1
880b1ad3-82a4-4a60-a00b-6f7a6f1dc26c,aaaaaaa2-aaaa-aaaa-aaaa-aaaaaaaaaaa2
880b1ad3-82a4-4a60-a00b-6f7a6f1dc26c,aaaaaaa3-aaaa-aaaa-aaaa-aaaaaaaaaaa3
880b1ad3-82a4-4a60-a00b-6f7a6f1dc26c,aaaaaaa4-aaaa-aaaa-aaaa-aaaaaaaaaaa4
cda3f989-2edf-43e6-a900-75fa4a471cb2,aaaaaaa2-aaaa-aaaa-aaaa-aaaaaaaaaaa2
94e3022b-87ae-4cde-9edb-f59bcfe641e6,aaaaaaa1-aaaa-aaaa-aaaa-aaaaaaaaaaa1
94e3022b-87ae-4cde-9edb-f59bcfe641e6,aaaaaaa3-aaaa-aaaa-aaaa-aaaaaaaaaaa3
94e3022b-87ae-4cde-9edb-f59bcfe641e6,aaaaaaa4-aaaa-aaaa-aaaa-aaaaaaaaaaa4
0051bfd7-8abd-4b7a-bd4d-36128d133de3,aaaaaaa2-aaaa-aaaa-aaaa-aaaaaaaaaaa2
a4cb385f-86d8-4f90-a81f-0087d19528fd,aaaaaaa1-aaaa-aaaa-aaaa-aaaaaaaaaaa1
a4cb385f-86d8-4f90-a81f-0087d19528fd,aaaaaaa4-aaaa-aaaa-aaaa-aaaaaaaaaaa4
0b3eb25f-2249-4453-b4a3-5972dc60f7b1,aaaaaaa3-aaaa-aaaa-aaaa-aaaaaaaaaaa3
409d7f2e-d5de-4dce-a08c-904f912610ba,aaaaaaa1-aaaa-aaaa-aaaa-aaaaaaaaaaa1
409d7f2e-d5de-4dce-a08c-904f912610ba,aaaaaaa2-aaaa-aaaa-aaaa-aaaaaaaaaaa2
409d7f2e-d5de-4dce-a08c-904f912610ba,aaaaaaa3-aaaa-aaaa-aaaa-aaaaaaaaaaa3
d95bc962-f63e-48be-8bd5-b6b23e28e123,aaaaaaa4-aaaa-aaaa-aaaa-aaaaaaaaaaa4
d3eacaee-fa1a-497a-872b-af58842b3e63,aaaaaaa1-aaaa-aaaa-aaaa-aaaaaaaaaaa1
d3eacaee-fa1a-497a-872b-af58842b3e63,aaaaaaa3-aaaa-aaaa-aaaa-aaaaaaaaaaa3
70122e11-148d-47b6-8c90-acff940e981d,aaaaaaa2-aaaa-aaaa-aaaa-aaaaaaaaaaa2
70122e11-148d-47b6-8c90-acff940e981d,aaaaaaa4-aaaa-aaaa-aaaa-aaaaaaaaaaa4
6a22e03c-5ac5-4afc-851a-ed9592dbd7ce,aaaaaaa1-aaaa-aaaa-aaaa-aaaaaaaaaaa1
36f6308a-6647-4f13-96dc-6b61f1272a12,aaaaaaa2-aaaa-aaaa-aaaa-aaaaaaaaaaa2
36f6308a-6647-4f13-96dc-6b61f1272a12,aaaaaaa3-aaaa-aaaa-aaaa-aaaaaaaaaaa3
36f6308a-6647-4f13-96dc-6b61f1272a12,aaaaaaa4-aaaa-aaaa-aaaa-aaaaaaaaaaa4
b4f277db-d581-44db-8131-c1ebefc2d14c,aaaaaaa1-aaaa-aaaa-aaaa-aaaaaaaaaaa1
b4f277db-d581-44db-8131-c1ebefc2d14c,aaaaaaa3-aaaa-aaaa-aaaa-aaaaaaaaaaa3
40bfee34-7722-41d3-abf0-b00201632148,aaaaaaa2-aaaa-aaaa-aaaa-aaaaaaaaaaa2
88ab1f40-6e5b-4b88-8ce3-005a7756a556,aaaaaaa1-aaaa-aaaa-aaaa-aaaaaaaaaaa1
88ab1f40-6e5b-4b88-8ce3-005a7756a556,aaaaaaa2-aaaa-aaaa-aaaa-aaaaaaaaaaa2
88ab1f40-6e5b-4b88-8ce3-005a7756a556,aaaaaaa4-aaaa-aaaa-aaaa-aaaaaaaaaaa4
c41cc94d-5463-469d-9266-287de89ff4cb,aaaaaaa3-aaaa-aaaa-aaaa-aaaaaaaaaaa3
60ed05c8-79f0-49aa-83f3-da5cdae96afe,aaaaaaa1-aaaa-aaaa-aaaa-aaaaaaaaaaa1
dbdb43a5-df98-4b59-98e3-a72a0cd4830c,aaaaaaa2-aaaa-aaaa-aaaa-aaaaaaaaaaa2
dbdb43a5-df98-4b59-98e3-a72a0cd4830c,aaaaaaa3-aaaa-aaaa-aaaa-aaaaaaaaaaa3
dbdb43a5-df98-4b59-98e3-a72a0cd4830c,aaaaaaa4-aaaa-aaaa-aaaa-aaaaaaaaaaa4
87dd9697-b4ee-41f1-8eff-83c86a829165,aaaaaaa1-aaaa-aaaa-aaaa-aaaaaaaaaaa1
87dd9697-b4ee-41f1-8eff-83c86a829165,aaaaaaa3-aaaa-aaaa-aaaa-aaaaaaaaaaa3
494b6b78-d507-4b21-beb0-33bdce2cd45e,aaaaaaa2-aaaa-aaaa-aaaa-aaaaaaaaaaa2
494b6b78-d507-4b21-beb0-33bdce2cd45e,aaaaaaa4-aaaa-aaaa-aaaa-aaaaaaaaaaa4
37b61a70-f792-431d-84d6-9e3ff6dae7a7,aaaaaaa3-aaaa-aaaa-aaaa-aaaaaaaaaaa3
8d1b6707-2304-44d1-915d-2a28937c49b2,aaaaaaa1-aaaa-aaaa-aaaa-aaaaaaaaaaa1
8d1b6707-2304-44d1-915d-2a28937c49b2,aaaaaaa2-aaaa-aaaa-aaaa-aaaaaaaaaaa2
8d1b6707-2304-44d1-915d-2a28937c49b2,aaaaaaa3-aaaa-aaaa-aaaa-aaaaaaaaaaa3
7c06605c-52c6-48d2-af02-513f343b8e9a,aaaaaaa4-aaaa-aaaa-aaaa-aaaaaaaaaaa4
1551cc39-e53e-4c44-b528-9f6326bb1efa,aaaaaaa1-aaaa-aaaa-aaaa-aaaaaaaaaaa1
1551cc39-e53e-4c44-b528-9f6326bb1efa,aaaaaaa3-aaaa-aaaa-aaaa-aaaaaaaaaaa3
4b3020b7-0676-4d49-9069-02cd5a363bb2,aaaaaaa2-aaaa-aaaa-aaaa-aaaaaaaaaaa2
305a0389-d6c6-47c3-b4c6-290e0ac16605,aaaaaaa1-aaaa-aaaa-aaaa-aaaaaaaaaaa1
305a0389-d6c6-47c3-b4c6-290e0ac16605,aaaaaaa2-aaaa-aaaa-aaaa-aaaaaaaaaaa2
305a0389-d6c6-47c3-b4c6-290e0ac16605,aaaaaaa4-aaaa-aaaa-aaaa-aaaaaaaaaaa4
89cc2d7c-838b-4699-beeb-8359f0de12f8,aaaaaaa3-aaaa-aaaa-aaaa-aaaaaaaaaaa3
35181ec0-134b-4cbc-96f9-cb945b66b268,aaaaaaa1-aaaa-aaaa-aaaa-aaaaaaaaaaa1
39376d2b-1ecd-411b-8f32-f57172f38f3d,aaaaaaa2-aaaa-aaaa-aaaa-aaaaaaaaaaa2
39376d2b-1ecd-411b-8f32-f57172f38f3d,aaaaaaa3-aaaa-aaaa-aaaa-aaaaaaaaaaa3
39376d2b-1ecd-411b-8f32-f57172f38f3d,aaaaaaa4-aaaa-aaaa-aaaa-aaaaaaaaaaa4
15a720c9-3b9a-4054-8742-27ec19528e54,aaaaaaa1-aaaa-aaaa-aaaa-aaaaaaaaaaa1
15a720c9-3b9a-4054-8742-27ec19528e54,aaaaaaa3-aaaa-aaaa-aaaa-aaaaaaaaaaa3
685af4a3-72de-49bf-8188-c864937b3bf6,aaaaaaa2-aaaa-aaaa-aaaa-aaaaaaaaaaa2
30ded66c-fd2d-4e0b-8385-b2cdc37f8813,aaaaaaa1-aaaa-aaaa-aaaa-aaaaaaaaaaa1
30ded66c-fd2d-4e0b-8385-b2cdc37f8813,aaaaaaa2-aaaa-aaaa-aaaa-aaaaaaaaaaa2
30ded66c-fd2d-4e0b-8385-b2cdc37f8813,aaaaaaa4-aaaa-aaaa-aaaa-aaaaaaaaaaa4
67f07a57-46ae-4328-a451-b19195717f43,aaaaaaa3-aaaa-aaaa-aaaa-aaaaaaaaaaa3
f35eba4d-e3fb-464f-9921-78845bba7281,aaaaaaa1-aaaa-aaaa-aaaa-aaaaaaaaaaa1
5072dcf7-9b8b-4eba-b299-92ba84c2d9ec,aaaaaaa2-aaaa-aaaa-aaaa-aaaaaaaaaaa2
5072dcf7-9b8b-4eba-b299-92ba84c2d9ec,aaaaaaa3-aaaa-aaaa-aaaa-aaaaaaaaaaa3
5072dcf7-9b8b-4eba-b299-92ba84c2d9ec,aaaaaaa4-aaaa-aaaa-aaaa-aaaaaaaaaaa4
da3a486b-69b1-4c55-8472-fecdfece74a6,aaaaaaa1-aaaa-aaaa-aaaa-aaaaaaaaaaa1
da3a486b-69b1-4c55-8472-fecdfece74a6,aaaaaaa3-aaaa-aaaa-aaaa-aaaaaaaaaaa3
1cb15a24-a906-43b4-915a-947bda8514d9,aaaaaaa2-aaaa-aaaa-aaaa-aaaaaaaaaaa2
27b41775-d142-44bf-95b7-09438b593f66,aaaaaaa1-aaaa-aaaa-aaaa-aaaaaaaaaaa1
27b41775-d142-44bf-95b7-09438b593f66,aaaaaaa2-aaaa-aaaa-aaaa-aaaaaaaaaaa2
27b41775-d142-44bf-95b7-09438b593f66,aaaaaaa4-aaaa-aaaa-aaaa-aaaaaaaaaaa4
fa9fa3bf-d5a6-457c-aa78-9f1d259bccc3,aaaaaaa3-aaaa-aaaa-aaaa-aaaaaaaaaaa3
0d57251e-97d3-41a5-b17e-a7de66177a5c,aaaaaaa1-aaaa-aaaa-aaaa-aaaaaaaaaaa1
7b3ea43c-663d-489a-830e-7ab0f16ba784,aaaaaaa2-aaaa-aaaa-aaaa-aaaaaaaaaaa2
7b3ea43c-663d-489a-830e-7ab0f16ba784,aaaaaaa3-aaaa-aaaa-aaaa-aaaaaaaaaaa3
7b3ea43c-663d-489a-830e-7ab0f16ba784,aaaaaaa4-aaaa-aaaa-aaaa-aaaaaaaaaaa4
e4b68d3f-419b-42d3-8a5a-a31adcfb03e2,aaaaaaa1-aaaa-aaaa-aaaa-aaaaaaaaaaa1
e4b68d3f-419b-42d3-8a5a-a31adcfb03e2,aaaaaaa3-aaaa-aaaa-aaaa-aaaaaaaaaaa3
35945cdd-4574-4ba2-8797-6bbb736b1c4d,aaaaaaa2-aaaa-aaaa-aaaa-aaaaaaaaaaa2
4b0f87ea-1686-4734-a0b9-168b19ff8517,aaaaaaa1-aaaa-aaaa-aaaa-aaaaaaaaaaa1
4b0f87ea-1686-4734-a0b9-168b19ff8517,aaaaaaa2-aaaa-aaaa-aaaa-aaaaaaaaaaa2
4b0f87ea-1686-4734-a0b9-168b19ff8517,aaaaaaa4-aaaa-aaaa-aaaa-aaaaaaaaaaa4
e95ad0d1-d623-476d-a435-07de0ea46648,aaaaaaa3-aaaa-aaaa-aaaa-aaaaaaaaaaa3
6d378eff-107d-4625-a22c-1ad42c05aa0f,aaaaaaa1-aaaa-aaaa-aaaa-aaaaaaaaaaa1
84428593-0119-438b-9f53-bcf89358b9a0,aaaaaaa2-aaaa-aaaa-aaaa-aaaaaaaaaaa2
84428593-0119-438b-9f53-bcf89358b9a0,aaaaaaa3-aaaa-aaaa-aaaa-aaaaaaaaaaa3
84428593-0119-438b-9f53-bcf89358b9a0,aaaaaaa4-aaaa-aaaa-aaaa-aaaaaaaaaaa4
83c0a10d-8411-4a14-b6ea-9d08fcd89adc,aaaaaaa1-aaaa-aaaa-aaaa-aaaaaaaaaaa1
83c0a10d-8411-4a14-b6ea-9d08fcd89adc,aaaaaaa3-aaaa-aaaa-aaaa-aaaaaaaaaaa3
0c90daf3-1697-4354-9abd-2b935967fe03,aaaaaaa2-aaaa-aaaa-aaaa-aaaaaaaaaaa2
52d854a5-6024-417f-86c6-439b4ab98be5,aaaaaaa1-aaaa-aaaa-aaaa-aaaaaaaaaaa1
52d854a5-6024-417f-86c6-439b4ab98be5,aaaaaaa2-aaaa-aaaa-aaaa-aaaaaaaaaaa2
52d854a5-6024-417f-86c6-439b4ab98be5,aaaaaaa4-aaaa-aaaa-aaaa-aaaaaaaaaaa4
092a6291-d02e-46fe-9695-a2e30793ff02,aaaaaaa3-aaaa-aaaa-aaaa-aaaaaaaaaaa3
769fbaaf-bb85-4f4a-b7f2-61a19c164a06,aaaaaaa1-aaaa-aaaa-aaaa-aaaaaaaaaaa1
97f1937c-2d97-4ef3-941a-ad2681d95575,aaaaaaa2-aaaa-aaaa-aaaa-aaaaaaaaaaa2
97f1937c-2d97-4ef3-941a-ad2681d95575,aaaaaaa3-aaaa-aaaa-aaaa-aaaaaaaaaaa3
97f1937c-2d97-4ef3-941a-ad2681d95575,aaaaaaa4-aaaa-aaaa-aaaa-aaaaaaaaaaa4
e7b8f4e3-ab11-4b90-95bf-2304412e4add,aaaaaaa1-aaaa-aaaa-aaaa-aaaaaaaaaaa1
e7b8f4e3-ab11-4b90-95bf-2304412e4add,aaaaaaa3-aaaa-aaaa-aaaa-aaaaaaaaaaa3
01976dc1-c0d9-43f5-9186-4ac233bffdeb,aaaaaaa2-aaaa-aaaa-aaaa-aaaaaaaaaaa2
71386622-e9c9-4d0f-9fab-9d761f163872,aaaaaaa1-aaaa-aaaa-aaaa-aaaaaaaaaaa1
71386622-e9c9-4d0f-9fab-9d761f163872,aaaaaaa2-aaaa-aaaa-aaaa-aaaaaaaaaaa2
71386622-e9c9-4d0f-9fab-9d761f163872,aaaaaaa4-aaaa-aaaa-aaaa-aaaaaaaaaaa4
e15fd34f-9745-4045-8d6a-8cfe62dab87a,aaaaaaa3-aaaa-aaaa-aaaa-aaaaaaaaaaa3
fef5ff8f-4436-4cb5-9219-14ef704a60a6,aaaaaaa1-aaaa-aaaa-aaaa-aaaaaaaaaaa1
0ebbdb80-f640-454b-b690-5b1b672588da,aaaaaaa2-aaaa-aaaa-aaaa-aaaaaaaaaaa2
0ebbdb80-f640-454b-b690-5b1b672588da,aaaaaaa3-aaaa-aaaa-aaaa-aaaaaaaaaaa3
0ebbdb80-f640-454b-b690-5b1b672588da,aaaaaaa4-aaaa-aaaa-aaaa-aaaaaaaaaaa4
9b8e09cd-189a-4e6c-82e8-dc90b4108a21,aaaaaaa1-aaaa-aaaa-aaaa-aaaaaaaaaaa1
9b8e09cd-189a-4e6c-82e8-dc90b4108a21,aaaaaaa3-aaaa-aaaa-aaaa-aaaaaaaaaaa3
5cdfa68f-1434-47de-9fda-3909fb80a3c5,aaaaaaa2-aaaa-aaaa-aaaa-aaaaaaaaaaa2
37f595d2-fce3-4cc8-9d9e-700dbaf662a0,aaaaaaa1-aaaa-aaaa-aaaa-aaaaaaaaaaa1
37f595d2-fce3-4cc8-9d9e-700dbaf662a0,aaaaaaa2-aaaa-aaaa-aaaa-aaaaaaaaaaa2
37f595d2-fce3-4cc8-9d9e-700dbaf662a0,aaaaaaa4-aaaa-aaaa-aaaa-aaaaaaaaaaa4
e04913c6-5529-4c04-86b6-238cf02fd184,aaaaaaa3-aaaa-aaaa-aaaa-aaaaaaaaaaa3
1ab78303-14ba-43cc-b29f-63e167e6be0a,aaaaaaa1-aaaa-aaaa-aaaa-aaaaaaaaaaa1
62990c87-b1a0-4085-a949-8d452c5f6a43,aaaaaaa2-aaaa-aaaa-aaaa-aaaaaaaaaaa2
62990c87-b1a0-4085-a949-8d452c5f6a43,aaaaaaa3-aaaa-aaaa-aaaa-aaaaaaaaaaa3
62990c87-b1a0-4085-a949-8d452c5f6a43,aaaaaaa4-aaaa-aaaa-aaaa-aaaaaaaaaaa4
3a4e6279-086a-4337-9c01-fbc45e5785ad,aaaaaaa1-aaaa-aaaa-aaaa-aaaaaaaaaaa1
3a4e6279-086a-4337-9c01-fbc45e5785ad,aaaaaaa3-aaaa-aaaa-aaaa-aaaaaaaaaaa3
c35e30c4-ffc5-41e3-a050-110469dbccd2,aaaaaaa2-aaaa-aaaa-aaaa-aaaaaaaaaaa2
adf21ccc-eb4c-4e69-a9f5-13bf7eb6afbc,aaaaaaa1-aaaa-aaaa-aaaa-aaaaaaaaaaa1
adf21ccc-eb4c-4e69-a9f5-13bf7eb6afbc,aaaaaaa2-aaaa-aaaa-aaaa-aaaaaaaaaaa2
adf21ccc-eb4c-4e69-a9f5-13bf7eb6afbc,aaaaaaa4-aaaa-aaaa-aaaa-aaaaaaaaaaa4
9dae78a2-dfe1-4ac5-b0c1-a19da4839b82,aaaaaaa3-aaaa-aaaa-aaaa-aaaaaaaaaaa3
b65dc7ab-5b87-45cf-ad80-9562adb5de35,aaaaaaa1-aaaa-aaaa-aaaa-aaaaaaaaaaa1
971df0b1-fde2-4a2b-bd59-24329575b9f8,aaaaaaa2-aaaa-aaaa-aaaa-aaaaaaaaaaa2
971df0b1-fde2-4a2b-bd59-24329575b9f8,aaaaaaa3-aaaa-aaaa-aaaa-aaaaaaaaaaa3
971df0b1-fde2-4a2b-bd59-24329575b9f8,aaaaaaa4-aaaa-aaaa-aaaa-aaaaaaaaaaa4
2b585026-25f3-4b6b-95b3-2ecad537ef38,aaaaaaa1-aaaa-aaaa-aaaa-aaaaaaaaaaa1
2b585026-25f3-4b6b-95b3-2ecad537ef38,aaaaaaa3-aaaa-aaaa-aaaa-aaaaaaaaaaa3
a2263ea0-9a18-4603-a7fe-70ad931e829e,aaaaaaa2-aaaa-aaaa-aaaa-aaaaaaaaaaa2
24da707a-9e63-4283-9721-59fa26353dfd,aaaaaaa1-aaaa-aaaa-aaaa-aaaaaaaaaaa1
24da707a-9e63-4283-9721-59fa26353dfd,aaaaaaa2-aaaa-aaaa-aaaa-aaaaaaaaaaa2
24da707a-9e63-4283-9721-59fa26353dfd,aaaaaaa4-aaaa-aaaa-aaaa-aaaaaaaaaaa4
6e8c3f77-7707-4b05-9159-23ca33326075,aaaaaaa3-aaaa-aaaa-aaaa-aaaaaaaaaaa3
9bb56562-bfe9-4360-b1df-971df9853f96,aaaaaaa1-aaaa-aaaa-aaaa-aaaaaaaaaaa1
28030a47-c2d7-489b-9fa9-9e240ed3e12a,aaaaaaa2-aaaa-aaaa-aaaa-aaaaaaaaaaa2
28030a47-c2d7-489b-9fa9-9e240ed3e12a,aaaaaaa3-aaaa-aaaa-aaaa-aaaaaaaaaaa3
28030a47-c2d7-489b-9fa9-9e240ed3e12a,aaaaaaa4-aaaa-aaaa-aaaa-aaaaaaaaaaa4
36384c5b-46b4-4b7f-9726-719c8ee0fbfe,aaaaaaa1-aaaa-aaaa-aaaa-aaaaaaaaaaa1
36384c5b-46b4-4b7f-9726-719c8ee0fbfe,aaaaaaa3-aaaa-aaaa-aaaa-aaaaaaaaaaa3
c00ffa2b-bf3b-44f6-a82b-5e4392d0cfe4,aaaaaaa2-aaaa-aaaa-aaaa-aaaaaaaaaaa2
5f52cbb4-a600-486a-bd9a-576cee90b49a,aaaaaaa1-aaaa-aaaa-aaaa-aaaaaaaaaaa1
5f52cbb4-a600-486a-bd9a-576cee90b49a,aaaaaaa2-aaaa-aaaa-aaaa-aaaaaaaaaaa2
5f52cbb4-a600-486a-bd9a-576cee90b49a,aaaaaaa4-aaaa-aaaa-aaaa-aaaaaaaaaaa4
95d8051b-d165-41de-b705-e30e754af506,aaaaaaa3-aaaa-aaaa-aaaa-aaaaaaaaaaa3
6e0e59a4-0c70-4184-b71c-f92546e93e59,aaaaaaa1-aaaa-aaaa-aaaa-aaaaaaaaaaa1
c4de9244-2cf4-48c9-b76b-13fe18302f2d,aaaaaaa2-aaaa-aaaa-aaaa-aaaaaaaaaaa2
c4de9244-2cf4-48c9-b76b-13fe18302f2d,aaaaaaa3-aaaa-aaaa-aaaa-aaaaaaaaaaa3
c4de9244-2cf4-48c9-b76b-13fe18302f2d,aaaaaaa4-aaaa-aaaa-aaaa-aaaaaaaaaaa4
78bcbf0e-91ec-47c7-af5c-6d7a0c096fa7,aaaaaaa1-aaaa-aaaa-aaaa-aaaaaaaaaaa1
78bcbf0e-91ec-47c7-af5c-6d7a0c096fa7,aaaaaaa3-aaaa-aaaa-aaaa-aaaaaaaaaaa3
1f403bba-3f22-4786-a3ed-7484af867f3b,aaaaaaa2-aaaa-aaaa-aaaa-aaaaaaaaaaa2
66de4652-6e5a-4df0-82f3-da52d8502aa7,aaaaaaa1-aaaa-aaaa-aaaa-aaaaaaaaaaa1
66de4652-6e5a-4df0-82f3-da52d8502aa7,aaaaaaa2-aaaa-aaaa-aaaa-aaaaaaaaaaa2
66de4652-6e5a-4df0-82f3-da52d8502aa7,aaaaaaa4-aaaa-aaaa-aaaa-aaaaaaaaaaa4
aae568f1-ab23-4583-ba60-fd5a9250786a,aaaaaaa3-aaaa-aaaa-aaaa-aaaaaaaaaaa3
318e5af5-0e37-4415-9763-512e2b8afec5,aaaaaaa1-aaaa-aaaa-aaaa-aaaaaaaaaaa1
83cfe7f1-5c94-4f4b-8bab-27439511b2fc,aaaaaaa2-aaaa-aaaa-aaaa-aaaaaaaaaaa2
83cfe7f1-5c94-4f4b-8bab-27439511b2fc,aaaaaaa3-aaaa-aaaa-aaaa-aaaaaaaaaaa3
83cfe7f1-5c94-4f4b-8bab-27439511b2fc,aaaaaaa4-aaaa-aaaa-aaaa-aaaaaaaaaaa4
01e709c3-b0ee-4507-8b98-ae603972f816,aaaaaaa1-aaaa-aaaa-aaaa-aaaaaaaaaaa1
01e709c3-b0ee-4507-8b98-ae603972f816,aaaaaaa3-aaaa-aaaa-aaaa-aaaaaaaaaaa3
1f5c849b-93aa-4934-babe-7b4871cdda58,aaaaaaa2-aaaa-aaaa-aaaa-aaaaaaaaaaa2
e6e83737-b6c3-45d1-ba4f-ad6177829e84,aaaaaaa1-aaaa-aaaa-aaaa-aaaaaaaaaaa1
e6e83737-b6c3-45d1-ba4f-ad6177829e84,aaaaaaa2-aaaa-aaaa-aaaa-aaaaaaaaaaa2
e6e83737-b6c3-45d1-ba4f-ad6177829e84,aaaaaaa4-aaaa-aaaa-aaaa-aaaaaaaaaaa4
db59c218-8588-4551-b5d2-ddce5cefeb97,aaaaaaa3-aaaa-aaaa-aaaa-aaaaaaaaaaa3
cc00484e-4009-45ae-bcb7-e512e35e8feb,aaaaaaa1-aaaa-aaaa-aaaa-aaaaaaaaaaa1
3bff0c17-fbe2-4a15-b9bb-6b3de3f9b992,aaaaaaa2-aaaa-aaaa-aaaa-aaaaaaaaaaa2
3bff0c17-fbe2-4a15-b9bb-6b3de3f9b992,aaaaaaa3-aaaa-aaaa-aaaa-aaaaaaaaaaa3
3bff0c17-fbe2-4a15-b9bb-6b3de3f9b992,aaaaaaa4-aaaa-aaaa-aaaa-aaaaaaaaaaa4
95800bd7-1df8-449d-abc6-2ebd700c5960,aaaaaaa1-aaaa-aaaa-aaaa-aaaaaaaaaaa1
95800bd7-1df8-449d-abc6-2ebd700c5960,aaaaaaa3-aaaa-aaaa-aaaa-aaaaaaaaaaa3
3103fba2-b654-47a5-81b5-6b3a7bdbc8d2,aaaaaaa2-aaaa-aaaa-aaaa-aaaaaaaaaaa2
e3a79ab6-988e-4cb7-8e93-b07251f28677,aaaaaaa1-aaaa-aaaa-aaaa-aaaaaaaaaaa1
e3a79ab6-988e-4cb7-8e93-b07251f28677,aaaaaaa2-aaaa-aaaa-aaaa-aaaaaaaaaaa2
e3a79ab6-988e-4cb7-8e93-b07251f28677,aaaaaaa4-aaaa-aaaa-aaaa-aaaaaaaaaaa4
4c289814-54ff-4785-9e2d-f39e1627776e,aaaaaaa3-aaaa-aaaa-aaaa-aaaaaaaaaaa3
7528b30b-efeb-4edb-aba1-485b5aec6c3b,aaaaaaa1-aaaa-aaaa-aaaa-aaaaaaaaaaa1
71b4b815-b554-41f7-ace0-a1dcb96ab763,aaaaaaa2-aaaa-aaaa-aaaa-aaaaaaaaaaa2
71b4b815-b554-41f7-ace0-a1dcb96ab763,aaaaaaa3-aaaa-aaaa-aaaa-aaaaaaaaaaa3
71b4b815-b554-41f7-ace0-a1dcb96ab763,aaaaaaa4-aaaa-aaaa-aaaa-aaaaaaaaaaa4
66fcd597-a6a9-44ec-b083-2a01fb193909,aaaaaaa1-aaaa-aaaa-aaaa-aaaaaaaaaaa1
66fcd597-a6a9-44ec-b083-2a01fb193909,aaaaaaa3-aaaa-aaaa-aaaa-aaaaaaaaaaa3
1081a587-bd60-4213-bd1c-5fed0affb1a8,aaaaaaa2-aaaa-aaaa-aaaa-aaaaaaaaaaa2
ab3cce3e-2923-414d-b764-c08568617942,aaaaaaa1-aaaa-aaaa-aaaa-aaaaaaaaaaa1
ab3cce3e-2923-414d-b764-c08568617942,aaaaaaa2-aaaa-aaaa-aaaa-aaaaaaaaaaa2
ab3cce3e-2923-414d-b764-c08568617942,aaaaaaa4-aaaa-aaaa-aaaa-aaaaaaaaaaa4
6ae4bcd8-a3c1-4fb7-85f2-0615b8c0d981,aaaaaaa3-aaaa-aaaa-aaaa-aaaaaaaaaaa3
90122222-a880-4ae7-aa7f-1fb22ad97de9,aaaaaaa1-aaaa-aaaa-aaaa-aaaaaaaaaaa1
a5f86be9-4d6b-47c0-99e6-7069510ad0d1,aaaaaaa2-aaaa-aaaa-aaaa-aaaaaaaaaaa2
a5f86be9-4d6b-47c0-99e6-7069510ad0d1,aaaaaaa3-aaaa-aaaa-aaaa-aaaaaaaaaaa3
a5f86be9-4d6b-47c0-99e6-7069510ad0d1,aaaaaaa4-aaaa-aaaa-aaaa-aaaaaaaaaaa4
c127ca65-9397-4561-8e2d-088bdec652d4,aaaaaaa1-aaaa-aaaa-aaaa-aaaaaaaaaaa1
c127ca65-9397-4561-8e2d-088bdec652d4,aaaaaaa3-aaaa-aaaa-aaaa-aaaaaaaaaaa3
6a3be2e0-feef-4e7c-b183-ee028fc1e041,aaaaaaa2-aaaa-aaaa-aaaa-aaaaaaaaaaa2
1b3989fd-6448-4e64-91da-db806515495f,aaaaaaa1-aaaa-aaaa-aaaa-aaaaaaaaaaa1
1b3989fd-6448-4e64-91da-db806515495f,aaaaaaa2-aaaa-aaaa-aaaa-aaaaaaaaaaa2
1b3989fd-6448-4e64-91da-db806515495f,aaaaaaa4-aaaa-aaaa-aaaa-aaaaaaaaaaa4
fdbd2e4c-d706-4e57-972a-7db2e53f6202,aaaaaaa3-aaaa-aaaa-aaaa-aaaaaaaaaaa3
65657180-c1d0-4358-bdf4-9262780f44eb,aaaaaaa1-aaaa-aaaa-aaaa-aaaaaaaaaaa1
2f7ec0fb-791e-4c51-a96b-5c0d104e6075,aaaaaaa2-aaaa-aaaa-aaaa-aaaaaaaaaaa2
2f7ec0fb-791e-4c51-a96b-5c0d104e6075,aaaaaaa3-aaaa-aaaa-aaaa-aaaaaaaaaaa3
2f7ec0fb-791e-4c51-a96b-5c0d104e6075,aaaaaaa4-aaaa-aaaa-aaaa-aaaaaaaaaaa4
b2da841f-827c-46d1-8ed2-4fc394ab60db,aaaaaaa1-aaaa-aaaa-aaaa-aaaaaaaaaaa1
b2da841f-827c-46d1-8ed2-4fc394ab60db,aaaaaaa3-aaaa-aaaa-aaaa-aaaaaaaaaaa3
4aec11d0-35e9-4088-9460-09cd16c27ccf,aaaaaaa2-aaaa-aaaa-aaaa-aaaaaaaaaaa2
da0fd7e3-462b-484f-85bc-c2c05ce454d7,aaaaaaa1-aaaa-aaaa-aaaa-aaaaaaaaaaa1
da0fd7e3-462b-484f-85bc-c2c05ce454d7,aaaaaaa2-aaaa-aaaa-aaaa-aaaaaaaaaaa2
da0fd7e3-462b-484f-85bc-c2c05ce454d7,aaaaaaa4-aaaa-aaaa-aaaa-aaaaaaaaaaa4
0c1e01e7-822d-41d9-9170-bafa808d3f36,aaaaaaa3-aaaa-aaaa-aaaa-aaaaaaaaaaa3
00b6af2d-25b9-4891-a37f-1700a3021f97,aaaaaaa1-aaaa-aaaa-aaaa-aaaaaaaaaaa1
b0721737-1567-49f6-81ef-7b0f1a6bf17b,aaaaaaa2-aaaa-aaaa-aaaa-aaaaaaaaaaa2
b0721737-1567-49f6-81ef-7b0f1a6bf17b,aaaaaaa3-aaaa-aaaa-aaaa-aaaaaaaaaaa3
b0721737-1567-49f6-81ef-7b0f1a6bf17b,aaaaaaa4-aaaa-aaaa-aaaa-aaaaaaaaaaa4
3816f7fd-e2ac-4187-9b3c-693132df74ff,aaaaaaa1-aaaa-aaaa-aaaa-aaaaaaaaaaa1
3816f7fd-e2ac-4187-9b3c-693132df74ff,aaaaaaa3-aaaa-aaaa-aaaa-aaaaaaaaaaa3
400b3b91-6b38-489e-b02e-05ccece81c55,aaaaaaa2-aaaa-aaaa-aaaa-aaaaaaaaaaa2
5a8b5f1a-c434-49f1-ade6-534ce2b26ddf,aaaaaaa1-aaaa-aaaa-aaaa-aaaaaaaaaaa1
5a8b5f1a-c434-49f1-ade6-534ce2b26ddf,aaaaaaa2-aaaa-aaaa-aaaa-aaaaaaaaaaa2
5a8b5f1a-c434-49f1-ade6-534ce2b26ddf,aaaaaaa4-aaaa-aaaa-aaaa-aaaaaaaaaaa4
27a91415-be43-47ac-b5ce-08ceb10c7b04,aaaaaaa3-aaaa-aaaa-aaaa-aaaaaaaaaaa3
b7192d4b-3991-40c0-a341-9492e4e8a238,aaaaaaa1-aaaa-aaaa-aaaa-aaaaaaaaaaa1
507da37a-a7a2-45c0-b525-abf1828e3cf7,aaaaaaa2-aaaa-aaaa-aaaa-aaaaaaaaaaa2
507da37a-a7a2-45c0-b525-abf1828e3cf7,aaaaaaa3-aaaa-aaaa-aaaa-aaaaaaaaaaa3
507da37a-a7a2-45c0-b525-abf1828e3cf7,aaaaaaa4-aaaa-aaaa-aaaa-aaaaaaaaaaa4
040ddf25-e895-4b59-a9cb-7e3d0de38d72,aaaaaaa1-aaaa-aaaa-aaaa-aaaaaaaaaaa1
040ddf25-e895-4b59-a9cb-7e3d0de38d72,aaaaaaa3-aaaa-aaaa-aaaa-aaaaaaaaaaa3
6a5164b8-5168-49bc-b9a6-15e5962097ac,aaaaaaa2-aaaa-aaaa-aaaa-aaaaaaaaaaa2
cebfa9ce-fd5b-4e1e-b54a-72e9ffc3c2c0,aaaaaaa1-aaaa-aaaa-aaaa-aaaaaaaaaaa1
cebfa9ce-fd5b-4e1e-b54a-72e9ffc3c2c0,aaaaaaa2-aaaa-aaaa-aaaa-aaaaaaaaaaa2
cebfa9ce-fd5b-4e1e-b54a-72e9ffc3c2c0,aaaaaaa4-aaaa-aaaa-aaaa-aaaaaaaaaaa4
dbe5d195-5ea3-4e2b-82eb-fedd5ae7958c,aaaaaaa3-aaaa-aaaa-aaaa-aaaaaaaaaaa3
50981922-41b7-4e17-86e2-b3f0e97e68a7,aaaaaaa1-aaaa-aaaa-aaaa-aaaaaaaaaaa1
0bce117f-9706-453f-a7fb-30ea87bfc76e,aaaaaaa2-aaaa-aaaa-aaaa-aaaaaaaaaaa2
0bce117f-9706-453f-a7fb-30ea87bfc76e,aaaaaaa3-aaaa-aaaa-aaaa-aaaaaaaaaaa3
0bce117f-9706-453f-a7fb-30ea87bfc76e,aaaaaaa4-aaaa-aaaa-aaaa-aaaaaaaaaaa4
2bc71dc9-0f7e-4870-85ef-07ad54181586,aaaaaaa1-aaaa-aaaa-aaaa-aaaaaaaaaaa1
2bc71dc9-0f7e-4870-85ef-07ad54181586,aaaaaaa3-aaaa-aaaa-aaaa-aaaaaaaaaaa3
40761b36-d1de-4a21-beeb-f2c9bd6a3a4a,aaaaaaa2-aaaa-aaaa-aaaa-aaaaaaaaaaa2
cd25a218-8e88-4717-9350-83e4b7d5f9f5,aaaaaaa1-aaaa-aaaa-aaaa-aaaaaaaaaaa1
cd25a218-8e88-4717-9350-83e4b7d5f9f5,aaaaaaa2-aaaa-aaaa-aaaa-aaaaaaaaaaa2
cd25a218-8e88-4717-9350-83e4b7d5f9f5,aaaaaaa4-aaaa-aaaa-aaaa-aaaaaaaaaaa4
0061c591-d9a4-4460-b2f1-5790720463fc,aaaaaaa3-aaaa-aaaa-aaaa-aaaaaaaaaaa3
b03890f1-493d-43ea-809a-20858b4fdd28,aaaaaaa1-aaaa-aaaa-aaaa-aaaaaaaaaaa1
ac4c4fc5-3075-4abc-a783-8746a8dbb254,aaaaaaa2-aaaa-aaaa-aaaa-aaaaaaaaaaa2
ac4c4fc5-3075-4abc-a783-8746a8dbb254,aaaaaaa3-aaaa-aaaa-aaaa-aaaaaaaaaaa3
ac4c4fc5-3075-4abc-a783-8746a8dbb254,aaaaaaa4-aaaa-aaaa-aaaa-aaaaaaaaaaa4
cadd1bd5-f925-45d3-89de-ed0d7ced0905,aaaaaaa1-aaaa-aaaa-aaaa-aaaaaaaaaaa1
cadd1bd5-f925-45d3-89de-ed0d7ced0905,aaaaaaa3-aaaa-aaaa-aaaa-aaaaaaaaaaa3
f2497829-fc20-4c2d-a29f-67afac431952,aaaaaaa2-aaaa-aaaa-aaaa-aaaaaaaaaaa2
be3b3c3e-1121-4a64-a885-24204de48e6b,aaaaaaa1-aaaa-aaaa-aaaa-aaaaaaaaaaa1
be3b3c3e-1121-4a64-a885-24204de48e6b,aaaaaaa2-aaaa-aaaa-aaaa-aaaaaaaaaaa2
be3b3c3e-1121-4a64-a885-24204de48e6b,aaaaaaa4-aaaa-aaaa-aaaa-aaaaaaaaaaa4
65103272-5158-41f8-8ece-c1780e21d9c4,aaaaaaa3-aaaa-aaaa-aaaa-aaaaaaaaaaa3
a75570d9-66ac-4352-acbc-1e9d3932a9b8,aaaaaaa1-aaaa-aaaa-aaaa-aaaaaaaaaaa1
d9300be6-7ad2-4873-907c-5ad65f4b1edd,aaaaaaa2-aaaa-aaaa-aaaa-aaaaaaaaaaa2
d9300be6-7ad2-4873-907c-5ad65f4b1edd,aaaaaaa3-aaaa-aaaa-aaaa-aaaaaaaaaaa3
d9300be6-7ad2-4873-907c-5ad65f4b1edd,aaaaaaa4-aaaa-aaaa-aaaa-aaaaaaaaaaa4
8156d52a-0d67-461b-9052-b400e083bb28,aaaaaaa1-aaaa-aaaa-aaaa-aaaaaaaaaaa1
8156d52a-0d67-461b-9052-b400e083bb28,aaaaaaa3-aaaa-aaaa-aaaa-aaaaaaaaaaa3
f0db23f7-b742-4ac0-ab80-c2e6ba7cbf2b,aaaaaaa2-aaaa-aaaa-aaaa-aaaaaaaaaaa2
cb28d629-ff1a-4c86-b9fa-f79ab5ed3627,aaaaaaa1-aaaa-aaaa-aaaa-aaaaaaaaaaa1
cb28d629-ff1a-4c86-b9fa-f79ab5ed3627,aaaaaaa2-aaaa-aaaa-aaaa-aaaaaaaaaaa2
cb28d629-ff1a-4c86-b9fa-f79ab5ed3627,aaaaaaa4-aaaa-aaaa-aaaa-aaaaaaaaaaa4
b8b724cb-4639-4cc7-95ee-b0092cd44bf4,aaaaaaa3-aaaa-aaaa-aaaa-aaaaaaaaaaa3
4007a3c2-210c-4ada-9be0-a4cab9085edf,aaaaaaa1-aaaa-aaaa-aaaa-aaaaaaaaaaa1
360d4906-af55-4d83-a75b-58903da17cec,aaaaaaa2-aaaa-aaaa-aaaa-aaaaaaaaaaa2
360d4906-af55-4d83-a75b-58903da17cec,aaaaaaa3-aaaa-aaaa-aaaa-aaaaaaaaaaa3
360d4906-af55-4d83-a75b-58903da17cec,aaaaaaa4-aaaa-aaaa-aaaa-aaaaaaaaaaa4
9aa40617-53a9-4ae8-9149-0e4015845fb9,aaaaaaa1-aaaa-aaaa-aaaa-aaaaaaaaaaa1
9aa40617-53a9-4ae8-9149-0e4015845fb9,aaaaaaa3-aaaa-aaaa-aaaa-aaaaaaaaaaa3
f739bbd7-9a4b-4268-bbae-15c16309ac1e,aaaaaaa2-aaaa-aaaa-aaaa-aaaaaaaaaaa2
221ed9b6-be69-48b3-9355-e1f1b73cf16d,aaaaaaa1-aaaa-aaaa-aaaa-aaaaaaaaaaa1
221ed9b6-be69-48b3-9355-e1f1b73cf16d,aaaaaaa2-aaaa-aaaa-aaaa-aaaaaaaaaaa2
221ed9b6-be69-48b3-9355-e1f1b73cf16d,aaaaaaa4-aaaa-aaaa-aaaa-aaaaaaaaaaa4
f6d1e85e-b396-4d5e-a023-397e6e727cd9,aaaaaaa3-aaaa-aaaa-aaaa-aaaaaaaaaaa3
6e390e13-bfba-4ea3-9986-49bffa2805ea,aaaaaaa1-aaaa-aaaa-aaaa-aaaaaaaaaaa1
d9731817-29ec-4ee1-bb70-e49f6918667b,aaaaaaa2-aaaa-aaaa-aaaa-aaaaaaaaaaa2
d9731817-29ec-4ee1-bb70-e49f6918667b,aaaaaaa3-aaaa-aaaa-aaaa-aaaaaaaaaaa3
d9731817-29ec-4ee1-bb70-e49f6918667b,aaaaaaa4-aaaa-aaaa-aaaa-aaaaaaaaaaa4
a6f63dac-f76b-4d9a-bdcd-2763246af032,aaaaaaa1-aaaa-aaaa-aaaa-aaaaaaaaaaa1
a6f63dac-f76b-4d9a-bdcd-2763246af032,aaaaaaa3-aaaa-aaaa-aaaa-aaaaaaaaaaa3
cbbf4542-b5b9-4483-97d3-6adbabcfd7a2,aaaaaaa2-aaaa-aaaa-aaaa-aaaaaaaaaaa2
f638eca1-c739-4691-bdd5-9bc33142ddb1,aaaaaaa1-aaaa-aaaa-aaaa-aaaaaaaaaaa1
f638eca1-c739-4691-bdd5-9bc33142ddb1,aaaaaaa2-aaaa-aaaa-aaaa-aaaaaaaaaaa2
f638eca1-c739-4691-bdd5-9bc33142ddb1,aaaaaaa4-aaaa-aaaa-aaaa-aaaaaaaaaaa4
d7f349f6-4796-4a9e-be49-eee2d8e69429,aaaaaaa3-aaaa-aaaa-aaaa-aaaaaaaaaaa3
48c1316d-f14b-43d8-a8e0-dabeccc51e84,aaaaaaa1-aaaa-aaaa-aaaa-aaaaaaaaaaa1
0d18fc8e-5d9f-43de-9246-506513310477,aaaaaaa2-aaaa-aaaa-aaaa-aaaaaaaaaaa2
0d18fc8e-5d9f-43de-9246-506513310477,aaaaaaa3-aaaa-aaaa-aaaa-aaaaaaaaaaa3
0d18fc8e-5d9f-43de-9246-506513310477,aaaaaaa4-aaaa-aaaa-aaaa-aaaaaaaaaaa4
d3629574-c26d-474c-bb9a-b54f0c9c2e65,aaaaaaa1-aaaa-aaaa-aaaa-aaaaaaaaaaa1
d3629574-c26d-474c-bb9a-b54f0c9c2e65,aaaaaaa3-aaaa-aaaa-aaaa-aaaaaaaaaaa3
4f59dea1-45a3-40d8-a42f-6ae95f2491b0,aaaaaaa2-aaaa-aaaa-aaaa-aaaaaaaaaaa2
7f367bb7-74a2-4b91-b521-a67b26e371aa,aaaaaaa1-aaaa-aaaa-aaaa-aaaaaaaaaaa1
7f367bb7-74a2-4b91-b521-a67b26e371aa,aaaaaaa2-aaaa-aaaa-aaaa-aaaaaaaaaaa2
7f367bb7-74a2-4b91-b521-a67b26e371aa,aaaaaaa4-aaaa-aaaa-aaaa-aaaaaaaaaaa4
a61379e6-71ce-4348-842b-02432e06d717,aaaaaaa3-aaaa-aaaa-aaaa-aaaaaaaaaaa3
fe063840-9edb-4716-ac41-35d104169d9b,aaaaaaa1-aaaa-aaaa-aaaa-aaaaaaaaaaa1
46298984-dc85-4104-9e98-55634bbfd97c,aaaaaaa2-aaaa-aaaa-aaaa-aaaaaaaaaaa2
46298984-dc85-4104-9e98-55634bbfd97c,aaaaaaa3-aaaa-aaaa-aaaa-aaaaaaaaaaa3
46298984-dc85-4104-9e98-55634bbfd97c,aaaaaaa4-aaaa-aaaa-aaaa-aaaaaaaaaaa4
e0bd8462-558f-4bee-b731-ce8a7af18972,aaaaaaa1-aaaa-aaaa-aaaa-aaaaaaaaaaa1
e0bd8462-558f-4bee-b731-ce8a7af18972,aaaaaaa3-aaaa-aaaa-aaaa-aaaaaaaaaaa3
04bbe14b-787c-4b85-b9c5-ca7778b750a6,aaaaaaa2-aaaa-aaaa-aaaa-aaaaaaaaaaa2
662b1e78-b2ce-4ab6-a4fc-4c704bf8d491,aaaaaaa1-aaaa-aaaa-aaaa-aaaaaaaaaaa1
662b1e78-b2ce-4ab6-a4fc-4c704bf8d491,aaaaaaa2-aaaa-aaaa-aaaa-aaaaaaaaaaa2
662b1e78-b2ce-4ab6-a4fc-4c704bf8d491,aaaaaaa4-aaaa-aaaa-aaaa-aaaaaaaaaaa4
e084ecba-934a-49aa-bc05-17e1367673c6,aaaaaaa3-aaaa-aaaa-aaaa-aaaaaaaaaaa3
16a3c593-1d60-4b74-b722-9c5380f7f56c,aaaaaaa1-aaaa-aaaa-aaaa-aaaaaaaaaaa1
c08bdac5-ed54-45f5-ab68-60d4464ecd30,aaaaaaa2-aaaa-aaaa-aaaa-aaaaaaaaaaa2
c08bdac5-ed54-45f5-ab68-60d4464ecd30,aaaaaaa3-aaaa-aaaa-aaaa-aaaaaaaaaaa3
c08bdac5-ed54-45f5-ab68-60d4464ecd30,aaaaaaa4-aaaa-aaaa-aaaa-aaaaaaaaaaa4
80e56b56-40ce-4db1-8dfe-0104daae970e,aaaaaaa1-aaaa-aaaa-aaaa-aaaaaaaaaaa1
80e56b56-40ce-4db1-8dfe-0104daae970e,aaaaaaa3-aaaa-aaaa-aaaa-aaaaaaaaaaa3
dd37c65d-b361-4317-80f0-548b5de93c68,aaaaaaa2-aaaa-aaaa-aaaa-aaaaaaaaaaa2
021337a5-56f9-4d9e-a9c8-fe2f2917e1e4,aaaaaaa1-aaaa-aaaa-aaaa-aaaaaaaaaaa1
021337a5-56f9-4d9e-a9c8-fe2f2917e1e4,aaaaaaa2-aaaa-aaaa-aaaa-aaaaaaaaaaa2
021337a5-56f9-4d9e-a9c8-fe2f2917e1e4,aaaaaaa4-aaaa-aaaa-aaaa-aaaaaaaaaaa4
5087ea75-b110-41ed-bf74-2a0237b93f9b,aaaaaaa3-aaaa-aaaa-aaaa-aaaaaaaaaaa3
265a7437-9c14-40a8-aa64-720a39e6cb9d,aaaaaaa1-aaaa-aaaa-aaaa-aaaaaaaaaaa1
978b04ef-215a-4241-984f-c50885d0f179,aaaaaaa2-aaaa-aaaa-aaaa-aaaaaaaaaaa2
978b04ef-215a-4241-984f-c50885d0f179,aaaaaaa3-aaaa-aaaa-aaaa-aaaaaaaaaaa3
978b04ef-215a-4241-984f-c50885d0f179,aaaaaaa4-aaaa-aaaa-aaaa-aaaaaaaaaaa4
65031473-4655-4f14-a404-7d74d4a15022,aaaaaaa1-aaaa-aaaa-aaaa-aaaaaaaaaaa1
65031473-4655-4f14-a404-7d74d4a15022,aaaaaaa3-aaaa-aaaa-aaaa-aaaaaaaaaaa3
fc51e739-0c86-4ba0-9c6c-cb7a69cab553,aaaaaaa2-aaaa-aaaa-aaaa-aaaaaaaaaaa2
9e28c39c-525e-4ef0-9ba0-305652659890,aaaaaaa1-aaaa-aaaa-aaaa-aaaaaaaaaaa1
9e28c39c-525e-4ef0-9ba0-305652659890,aaaaaaa2-aaaa-aaaa-aaaa-aaaaaaaaaaa2
9e28c39c-525e-4ef0-9ba0-305652659890,aaaaaaa4-aaaa-aaaa-aaaa-aaaaaaaaaaa4
709dc522-fea2-47ef-bc3b-e882423478c4,aaaaaaa3-aaaa-aaaa-aaaa-aaaaaaaaaaa3
f9a9299e-a4a4-4562-ad25-49fd6b37622c,aaaaaaa1-aaaa-aaaa-aaaa-aaaaaaaaaaa1
087563b4-505f-45b1-a3e5-e00c74a854a5,aaaaaaa2-aaaa-aaaa-aaaa-aaaaaaaaaaa2
087563b4-505f-45b1-a3e5-e00c74a854a5,aaaaaaa3-aaaa-aaaa-aaaa-aaaaaaaaaaa3
087563b4-505f-45b1-a3e5-e00c74a854a5,aaaaaaa4-aaaa-aaaa-aaaa-aaaaaaaaaaa4
8f932cfb-13a5-4631-9a3d-902bf6836f9c,aaaaaaa1-aaaa-aaaa-aaaa-aaaaaaaaaaa1
8f932cfb-13a5-4631-9a3d-902bf6836f9c,aaaaaaa3-aaaa-aaaa-aaaa-aaaaaaaaaaa3
9039624b-6eaf-4c8a-81ab-aa504133e920,aaaaaaa2-aaaa-aaaa-aaaa-aaaaaaaaaaa2
45ec65f3-a2ee-45c6-97d7-d4f0765935e4,aaaaaaa1-aaaa-aaaa-aaaa-aaaaaaaaaaa1
45ec65f3-a2ee-45c6-97d7-d4f0765935e4,aaaaaaa2-aaaa-aaaa-aaaa-aaaaaaaaaaa2
45ec65f3-a2ee-45c6-97d7-d4f0765935e4,aaaaaaa4-aaaa-aaaa-aaaa-aaaaaaaaaaa4
69626617-ec6f-4ad9-9716-57f3e723268b,aaaaaaa3-aaaa-aaaa-aaaa-aaaaaaaaaaa3
353e9334-700c-4f2a-aedf-86c68e818518,aaaaaaa1-aaaa-aaaa-aaaa-aaaaaaaaaaa1
4f3c2041-76a7-4f94-bc4a-bb44d958ec2c,aaaaaaa2-aaaa-aaaa-aaaa-aaaaaaaaaaa2
4f3c2041-76a7-4f94-bc4a-bb44d958ec2c,aaaaaaa3-aaaa-aaaa-aaaa-aaaaaaaaaaa3
4f3c2041-76a7-4f94-bc4a-bb44d958ec2c,aaaaaaa4-aaaa-aaaa-aaaa-aaaaaaaaaaa4
f9bc44f2-43fc-43e1-9740-bcb6967ccce2,aaaaaaa1-aaaa-aaaa-aaaa-aaaaaaaaaaa1
f9bc44f2-43fc-43e1-9740-bcb6967ccce2,aaaaaaa3-aaaa-aaaa-aaaa-aaaaaaaaaaa3
42b208db-33eb-4eb7-a7ed-2ee5a0ad89b3,aaaaaaa2-aaaa-aaaa-aaaa-aaaaaaaaaaa2
4791ebb9-0917-487b-8249-c28d7000a996,aaaaaaa1-aaaa-aaaa-aaaa-aaaaaaaaaaa1
4791ebb9-0917-487b-8249-c28d7000a996,aaaaaaa2-aaaa-aaaa-aaaa-aaaaaaaaaaa2
4791ebb9-0917-487b-8249-c28d7000a996,aaaaaaa4-aaaa-aaaa-aaaa-aaaaaaaaaaa4
dc73521b-3e17-413c-aaaa-cbeb82b50ffa,aaaaaaa3-aaaa-aaaa-aaaa-aaaaaaaaaaa3
91826650-8581-48b8-9771-d327d41073db,aaaaaaa1-aaaa-aaaa-aaaa-aaaaaaaaaaa1
bfdc0522-9529-4168-b78f-2ca3e5678c3a,aaaaaaa2-aaaa-aaaa-aaaa-aaaaaaaaaaa2
bfdc0522-9529-4168-b78f-2ca3e5678c3a,aaaaaaa3-aaaa-aaaa-aaaa-aaaaaaaaaaa3
bfdc0522-9529-4168-b78f-2ca3e5678c3a,aaaaaaa4-aaaa-aaaa-aaaa-aaaaaaaaaaa4
c95e2a11-ac69-4896-bedd-064975fb5628,aaaaaaa1-aaaa-aaaa-aaaa-aaaaaaaaaaa1
c95e2a11-ac69-4896-bedd-064975fb5628,aaaaaaa3-aaaa-aaaa-aaaa-aaaaaaaaaaa3
c73b0d14-f295-4b7c-b65a-a1ab86b200ea,aaaaaaa2-aaaa-aaaa-aaaa-aaaaaaaaaaa2
17689372-cd40-40cd-98f9-41741f57f3b0,aaaaaaa1-aaaa-aaaa-aaaa-aaaaaaaaaaa1
17689372-cd40-40cd-98f9-41741f57f3b0,aaaaaaa2-aaaa-aaaa-aaaa-aaaaaaaaaaa2
17689372-cd40-40cd-98f9-41741f57f3b0,aaaaaaa4-aaaa-aaaa-aaaa-aaaaaaaaaaa4
2fbc6752-7501-4ce8-ac72-e2aa5dbe9a0a,aaaaaaa3-aaaa-aaaa-aaaa-aaaaaaaaaaa3
2b2ea76f-041a-4eba-b286-dfb1a9cc511b,aaaaaaa1-aaaa-aaaa-aaaa-aaaaaaaaaaa1
df53b2c3-cc82-44e3-90e9-669ec603f0cf,aaaaaaa2-aaaa-aaaa-aaaa-aaaaaaaaaaa2
df53b2c3-cc82-44e3-90e9-669ec603f0cf,aaaaaaa3-aaaa-aaaa-aaaa-aaaaaaaaaaa3
df53b2c3-cc82-44e3-90e9-669ec603f0cf,aaaaaaa4-aaaa-aaaa-aaaa-aaaaaaaaaaa4
7a23dcbe-2ca3-4334-b467-c9473548e642,aaaaaaa1-aaaa-aaaa-aaaa-aaaaaaaaaaa1
7a23dcbe-2ca3-4334-b467-c9473548e642,aaaaaaa3-aaaa-aaaa-aaaa-aaaaaaaaaaa3
7a2c839a-eeba-42b6-a8a5-b12eb8fd8a27,aaaaaaa2-aaaa-aaaa-aaaa-aaaaaaaaaaa2
b510b0ea-24b6-421d-942b-22cdf5410c7a,aaaaaaa1-aaaa-aaaa-aaaa-aaaaaaaaaaa1
b510b0ea-24b6-421d-942b-22cdf5410c7a,aaaaaaa2-aaaa-aaaa-aaaa-aaaaaaaaaaa2
b510b0ea-24b6-421d-942b-22cdf5410c7a,aaaaaaa4-aaaa-aaaa-aaaa-aaaaaaaaaaa4
5389c187-4509-4b21-8d7c-05002d1f9988,aaaaaaa3-aaaa-aaaa-aaaa-aaaaaaaaaaa3
a3bc1400-ddf6-4820-8cdc-1393b0e366ff,aaaaaaa1-aaaa-aaaa-aaaa-aaaaaaaaaaa1
85e9adfb-28c7-4225-b3d2-81207c594096,aaaaaaa2-aaaa-aaaa-aaaa-aaaaaaaaaaa2
85e9adfb-28c7-4225-b3d2-81207c594096,aaaaaaa3-aaaa-aaaa-aaaa-aaaaaaaaaaa3
85e9adfb-28c7-4225-b3d2-81207c594096,aaaaaaa4-aaaa-aaaa-aaaa-aaaaaaaaaaa4
f28db1e0-ecc6-47fa-b8cd-a0ccb51aefd6,aaaaaaa1-aaaa-aaaa-aaaa-aaaaaaaaaaa1
f28db1e0-ecc6-47fa-b8cd-a0ccb51aefd6,aaaaaaa3-aaaa-aaaa-aaaa-aaaaaaaaaaa3
b0cb6240-d56b-45ee-9eaf-cc975c57d5b7,aaaaaaa2-aaaa-aaaa-aaaa-aaaaaaaaaaa2
1a6f3f7f-1134-4f9d-9144-9aecff7fa7f5,aaaaaaa1-aaaa-aaaa-aaaa-aaaaaaaaaaa1
1a6f3f7f-1134-4f9d-9144-9aecff7fa7f5,aaaaaaa2-aaaa-aaaa-aaaa-aaaaaaaaaaa2
1a6f3f7f-1134-4f9d-9144-9aecff7fa7f5,aaaaaaa4-aaaa-aaaa-aaaa-aaaaaaaaaaa4
12e970fe-7454-4927-a0a8-281700c1ffb1,aaaaaaa3-aaaa-aaaa-aaaa-aaaaaaaaaaa3
4d669443-ff8c-4904-840a-062c54ef9b5a,aaaaaaa1-aaaa-aaaa-aaaa-aaaaaaaaaaa1
1e2788e6-d824-4616-99a3-7a6d667da329,aaaaaaa2-aaaa-aaaa-aaaa-aaaaaaaaaaa2
1e2788e6-d824-4616-99a3-7a6d667da329,aaaaaaa3-aaaa-aaaa-aaaa-aaaaaaaaaaa3
1e2788e6-d824-4616-99a3-7a6d667da329,aaaaaaa4-aaaa-aaaa-aaaa-aaaaaaaaaaa4
4f2ed02d-f0e0-4964-8dee-1ee66d767972,aaaaaaa1-aaaa-aaaa-aaaa-aaaaaaaaaaa1
4f2ed02d-f0e0-4964-8dee-1ee66d767972,aaaaaaa3-aaaa-aaaa-aaaa-aaaaaaaaaaa3
834a4b9b-313d-4ecd-bbce-2d9872a1cad0,aaaaaaa2-aaaa-aaaa-aaaa-aaaaaaaaaaa2
31c42cd0-6ba8-45d6-a217-0014c1da233f,aaaaaaa1-aaaa-aaaa-aaaa-aaaaaaaaaaa1
31c42cd0-6ba8-45d6-a217-0014c1da233f,aaaaaaa2-aaaa-aaaa-aaaa-aaaaaaaaaaa2
31c42cd0-6ba8-45d6-a217-0014c1da233f,aaaaaaa4-aaaa-aaaa-aaaa-aaaaaaaaaaa4
610d88a3-f4a8-4579-8f3d-409849daf686,aaaaaaa3-aaaa-aaaa-aaaa-aaaaaaaaaaa3
e2fd6aaf-fa81-44d3-943e-c9c7905a9c06,aaaaaaa1-aaaa-aaaa-aaaa-aaaaaaaaaaa1
dcf59903-43e4-4910-b576-6928c3124e05,aaaaaaa2-aaaa-aaaa-aaaa-aaaaaaaaaaa2
dcf59903-43e4-4910-b576-6928c3124e05,aaaaaaa3-aaaa-aaaa-aaaa-aaaaaaaaaaa3
dcf59903-43e4-4910-b576-6928c3124e05,aaaaaaa4-aaaa-aaaa-aaaa-aaaaaaaaaaa4
b8e36b74-a4b8-4e86-b6eb-a0620cc9f22f,aaaaaaa1-aaaa-aaaa-aaaa-aaaaaaaaaaa1
b8e36b74-a4b8-4e86-b6eb-a0620cc9f22f,aaaaaaa3-aaaa-aaaa-aaaa-aaaaaaaaaaa3
6d068f9b-514c-4524-b74b-915edfa1b7a0,aaaaaaa2-aaaa-aaaa-aaaa-aaaaaaaaaaa2
1c7c8f36-4dc1-4ba3-88d3-d980eebf89b5,aaaaaaa1-aaaa-aaaa-aaaa-aaaaaaaaaaa1
1c7c8f36-4dc1-4ba3-88d3-d980eebf89b5,aaaaaaa2-aaaa-aaaa-aaaa-aaaaaaaaaaa2
1c7c8f36-4dc1-4ba3-88d3-d980eebf89b5,aaaaaaa4-aaaa-aaaa-aaaa-aaaaaaaaaaa4
83f7e773-85d1-43a5-a89d-0c5f3d3e4b0b,aaaaaaa3-aaaa-aaaa-aaaa-aaaaaaaaaaa3
ebfa0c38-a3c7-4420-affa-9dc0bfe5f897,aaaaaaa1-aaaa-aaaa-aaaa-aaaaaaaaaaa1
88292e9f-b8bc-4534-af74-4c963f42831d,aaaaaaa2-aaaa-aaaa-aaaa-aaaaaaaaaaa2
88292e9f-b8bc-4534-af74-4c963f42831d,aaaaaaa3-aaaa-aaaa-aaaa-aaaaaaaaaaa3
88292e9f-b8bc-4534-af74-4c963f42831d,aaaaaaa4-aaaa-aaaa-aaaa-aaaaaaaaaaa4
7f89882e-73c2-4298-a265-d1aa4f35c33d,aaaaaaa1-aaaa-aaaa-aaaa-aaaaaaaaaaa1
7f89882e-73c2-4298-a265-d1aa4f35c33d,aaaaaaa3-aaaa-aaaa-aaaa-aaaaaaaaaaa3
4c23edc8-1fd1-42f4-a0c3-82205c6637b2,aaaaaaa2-aaaa-aaaa-aaaa-aaaaaaaaaaa2
eccefe90-987c-4173-bef0-8071439d53b0,aaaaaaa1-aaaa-aaaa-aaaa-aaaaaaaaaaa1
eccefe90-987c-4173-bef0-8071439d53b0,aaaaaaa2-aaaa-aaaa-aaaa-aaaaaaaaaaa2
eccefe90-987c-4173-bef0-8071439d53b0,aaaaaaa4-aaaa-aaaa-aaaa-aaaaaaaaaaa4
38dfc182-0ef2-4847-8fc8-ea2dcd7a272b,aaaaaaa3-aaaa-aaaa-aaaa-aaaaaaaaaaa3
1a044659-0d33-406c-b626-16fc6e8f2f6d,aaaaaaa1-aaaa-aaaa-aaaa-aaaaaaaaaaa1
3f2c7b58-36b0-4ca0-9ae5-82c57a43b27e,aaaaaaa2-aaaa-aaaa-aaaa-aaaaaaaaaaa2
3f2c7b58-36b0-4ca0-9ae5-82c57a43b27e,aaaaaaa3-aaaa-aaaa-aaaa-aaaaaaaaaaa3
3f2c7b58-36b0-4ca0-9ae5-82c57a43b27e,aaaaaaa4-aaaa-aaaa-aaaa-aaaaaaaaaaa4
5388a084-9b67-4229-8d19-b4b8096f54ac,aaaaaaa1-aaaa-aaaa-aaaa-aaaaaaaaaaa1
5388a084-9b67-4229-8d19-b4b8096f54ac,aaaaaaa3-aaaa-aaaa-aaaa-aaaaaaaaaaa3
a9da51f1-2a17-483c-b8b2-fb856eb1adb2,aaaaaaa2-aaaa-aaaa-aaaa-aaaaaaaaaaa2
34b4983e-0819-41d6-bf44-3ca862b265e7,aaaaaaa1-aaaa-aaaa-aaaa-aaaaaaaaaaa1
34b4983e-0819-41d6-bf44-3ca862b265e7,aaaaaaa2-aaaa-aaaa-aaaa-aaaaaaaaaaa2
34b4983e-0819-41d6-bf44-3ca862b265e7,aaaaaaa4-aaaa-aaaa-aaaa-aaaaaaaaaaa4
d171e9f3-abca-41b8-827a-855af3feabe6,aaaaaaa3-aaaa-aaaa-aaaa-aaaaaaaaaaa3
58049fe1-670f-4c22-a8ca-9a74710b3a92,aaaaaaa1-aaaa-aaaa-aaaa-aaaaaaaaaaa1
c88bb60a-cfa1-466f-9ee2-3d6aae29f4eb,aaaaaaa2-aaaa-aaaa-aaaa-aaaaaaaaaaa2
c88bb60a-cfa1-466f-9ee2-3d6aae29f4eb,aaaaaaa3-aaaa-aaaa-aaaa-aaaaaaaaaaa3
c88bb60a-cfa1-466f-9ee2-3d6aae29f4eb,aaaaaaa4-aaaa-aaaa-aaaa-aaaaaaaaaaa4
30866b6c-f465-41ab-8fd9-d567c9a0dd2e,aaaaaaa1-aaaa-aaaa-aaaa-aaaaaaaaaaa1
30866b6c-f465-41ab-8fd9-d567c9a0dd2e,aaaaaaa3-aaaa-aaaa-aaaa-aaaaaaaaaaa3
9c50f31e-9036-4fe6-87e7-36536544c4f0,aaaaaaa2-aaaa-aaaa-aaaa-aaaaaaaaaaa2
437a18cd-dbc6-4374-b245-4f6c7815f5e2,aaaaaaa1-aaaa-aaaa-aaaa-aaaaaaaaaaa1
437a18cd-dbc6-4374-b245-4f6c7815f5e2,aaaaaaa2-aaaa-aaaa-aaaa-aaaaaaaaaaa2
437a18cd-dbc6-4374-b245-4f6c7815f5e2,aaaaaaa4-aaaa-aaaa-aaaa-aaaaaaaaaaa4
82beacd1-b440-4061-940b-377e1a7fe715,aaaaaaa3-aaaa-aaaa-aaaa-aaaaaaaaaaa3
dba96747-06d8-4f29-9d99-469d743473cd,aaaaaaa1-aaaa-aaaa-aaaa-aaaaaaaaaaa1
370552de-ea1b-48c8-b6c9-bcde49ce7b32,aaaaaaa2-aaaa-aaaa-aaaa-aaaaaaaaaaa2
370552de-ea1b-48c8-b6c9-bcde49ce7b32,aaaaaaa3-aaaa-aaaa-aaaa-aaaaaaaaaaa3
370552de-ea1b-48c8-b6c9-bcde49ce7b32,aaaaaaa4-aaaa-aaaa-aaaa-aaaaaaaaaaa4
bb101e20-871b-40db-8f4a-c1fcefcc4325,aaaaaaa1-aaaa-aaaa-aaaa-aaaaaaaaaaa1
bb101e20-871b-40db-8f4a-c1fcefcc4325,aaaaaaa3-aaaa-aaaa-aaaa-aaaaaaaaaaa3
d1e44cf2-a802-4d96-b07f-000dd8d8b58e,aaaaaaa2-aaaa-aaaa-aaaa-aaaaaaaaaaa2
9dde25d5-856f-463b-b022-6f1780b6ef44,aaaaaaa1-aaaa-aaaa-aaaa-aaaaaaaaaaa1
9dde25d5-856f-463b-b022-6f1780b6ef44,aaaaaaa2-aaaa-aaaa-aaaa-aaaaaaaaaaa2
9dde25d5-856f-463b-b022-6f1780b6ef44,aaaaaaa4-aaaa-aaaa-aaaa-aaaaaaaaaaa4
6c8f509f-7f7c-4279-a446-d152b4e05a5b,aaaaaaa3-aaaa-aaaa-aaaa-aaaaaaaaaaa3
15341235-00d8-4d19-ae09-98ebb586e456,aaaaaaa1-aaaa-aaaa-aaaa-aaaaaaaaaaa1
83445d5f-3bbb-42f5-891c-3009ffecf0b9,aaaaaaa2-aaaa-aaaa-aaaa-aaaaaaaaaaa2
83445d5f-3bbb-42f5-891c-3009ffecf0b9,aaaaaaa3-aaaa-aaaa-aaaa-aaaaaaaaaaa3
83445d5f-3bbb-42f5-891c-3009ffecf0b9,aaaaaaa4-aaaa-aaaa-aaaa-aaaaaaaaaaa4
f500f170-5f9d-47bf-9a0a-5dac00602a39,aaaaaaa1-aaaa-aaaa-aaaa-aaaaaaaaaaa1
f500f170-5f9d-47bf-9a0a-5dac00602a39,aaaaaaa3-aaaa-aaaa-aaaa-aaaaaaaaaaa3
7c1a31de-b5b7-4efe-b20b-4ce6a3478031,aaaaaaa2-aaaa-aaaa-aaaa-aaaaaaaaaaa2
67e115f3-479f-4258-83af-5fb15e8f4a7d,aaaaaaa1-aaaa-aaaa-aaaa-aaaaaaaaaaa1
67e115f3-479f-4258-83af-5fb15e8f4a7d,aaaaaaa2-aaaa-aaaa-aaaa-aaaaaaaaaaa2
67e115f3-479f-4258-83af-5fb15e8f4a7d,aaaaaaa4-aaaa-aaaa-aaaa-aaaaaaaaaaa4
19d1d851-0a80-4f23-a0a9-d1aabeb83b14,aaaaaaa3-aaaa-aaaa-aaaa-aaaaaaaaaaa3
4772e693-74db-4f76-a50e-a3a28acfa041,aaaaaaa1-aaaa-aaaa-aaaa-aaaaaaaaaaa1
22dcaf6b-969f-4b9a-a702-158e3015759c,aaaaaaa2-aaaa-aaaa-aaaa-aaaaaaaaaaa2
22dcaf6b-969f-4b9a-a702-158e3015759c,aaaaaaa3-aaaa-aaaa-aaaa-aaaaaaaaaaa3
22dcaf6b-969f-4b9a-a702-158e3015759c,aaaaaaa4-aaaa-aaaa-aaaa-aaaaaaaaaaa4
6e74ab95-c887-4994-9590-8a74272d45e6,aaaaaaa1-aaaa-aaaa-aaaa-aaaaaaaaaaa1
6e74ab95-c887-4994-9590-8a74272d45e6,aaaaaaa3-aaaa-aaaa-aaaa-aaaaaaaaaaa3
641dc1d3-f66f-4cfe-97ad-af3d5d65cded,aaaaaaa2-aaaa-aaaa-aaaa-aaaaaaaaaaa2
8d13da29-09d0-4ba0-a494-08bf7907d310,aaaaaaa1-aaaa-aaaa-aaaa-aaaaaaaaaaa1
8d13da29-09d0-4ba0-a494-08bf7907d310,aaaaaaa2-aaaa-aaaa-aaaa-aaaaaaaaaaa2
8d13da29-09d0-4ba0-a494-08bf7907d310,aaaaaaa4-aaaa-aaaa-aaaa-aaaaaaaaaaa4
4bf4e643-7fac-490d-9a20-1a190e103006,aaaaaaa3-aaaa-aaaa-aaaa-aaaaaaaaaaa3
973a3340-0535-499d-9273-55f0e51da1bc,aaaaaaa1-aaaa-aaaa-aaaa-aaaaaaaaaaa1
573db178-240a-410b-9ce0-b20eaf15b0ea,aaaaaaa2-aaaa-aaaa-aaaa-aaaaaaaaaaa2
573db178-240a-410b-9ce0-b20eaf15b0ea,aaaaaaa3-aaaa-aaaa-aaaa-aaaaaaaaaaa3
573db178-240a-410b-9ce0-b20eaf15b0ea,aaaaaaa4-aaaa-aaaa-aaaa-aaaaaaaaaaa4
2ba307b0-c8f0-41d0-8315-458e7c1c7762,aaaaaaa1-aaaa-aaaa-aaaa-aaaaaaaaaaa1
2ba307b0-c8f0-41d0-8315-458e7c1c7762,aaaaaaa3-aaaa-aaaa-aaaa-aaaaaaaaaaa3
e6a161cd-d1d7-4ef5-a83b-d6f441331091,aaaaaaa2-aaaa-aaaa-aaaa-aaaaaaaaaaa2
d78947a3-5167-44d1-a46b-0734a0809e02,aaaaaaa1-aaaa-aaaa-aaaa-aaaaaaaaaaa1
d78947a3-5167-44d1-a46b-0734a0809e02,aaaaaaa2-aaaa-aaaa-aaaa-aaaaaaaaaaa2
d78947a3-5167-44d1-a46b-0734a0809e02,aaaaaaa4-aaaa-aaaa-aaaa-aaaaaaaaaaa4
f4f069e2-7eff-4806-bc0e-0f609716bb2f,aaaaaaa3-aaaa-aaaa-aaaa-aaaaaaaaaaa3
42e8da43-8d25-4e90-b002-611951dea95d,aaaaaaa1-aaaa-aaaa-aaaa-aaaaaaaaaaa1
878ce566-705f-4e40-99fc-d92d291b125e,aaaaaaa2-aaaa-aaaa-aaaa-aaaaaaaaaaa2
878ce566-705f-4e40-99fc-d92d291b125e,aaaaaaa3-aaaa-aaaa-aaaa-aaaaaaaaaaa3
878ce566-705f-4e40-99fc-d92d291b125e,aaaaaaa4-aaaa-aaaa-aaaa-aaaaaaaaaaa4
d3f6a228-56f4-4d48-801c-fbbb678da00a,aaaaaaa1-aaaa-aaaa-aaaa-aaaaaaaaaaa1
d3f6a228-56f4-4d48-801c-fbbb678da00a,aaaaaaa3-aaaa-aaaa-aaaa-aaaaaaaaaaa3
1a6989de-4098-42b5-ac99-af6035785d8b,aaaaaaa2-aaaa-aaaa-aaaa-aaaaaaaaaaa2
8ed983c9-57c7-40d7-aa0c-77af8644fce7,aaaaaaa1-aaaa-aaaa-aaaa-aaaaaaaaaaa1
8ed983c9-57c7-40d7-aa0c-77af8644fce7,aaaaaaa2-aaaa-aaaa-aaaa-aaaaaaaaaaa2
8ed983c9-57c7-40d7-aa0c-77af8644fce7,aaaaaaa4-aaaa-aaaa-aaaa-aaaaaaaaaaa4
7c99e3ab-b07b-44fe-9832-8d176ef28462,aaaaaaa3-aaaa-aaaa-aaaa-aaaaaaaaaaa3
2f41d273-6940-40ff-a450-6328c2236fb8,aaaaaaa1-aaaa-aaaa-aaaa-aaaaaaaaaaa1
776870c1-e8e1-4682-8bcd-74d90ea5f865,aaaaaaa2-aaaa-aaaa-aaaa-aaaaaaaaaaa2
776870c1-e8e1-4682-8bcd-74d90ea5f865,aaaaaaa3-aaaa-aaaa-aaaa-aaaaaaaaaaa3
776870c1-e8e1-4682-8bcd-74d90ea5f865,aaaaaaa4-aaaa-aaaa-aaaa-aaaaaaaaaaa4
ef0612f0-fd6e-41b5-8a60-c1c7776d2ae8,aaaaaaa1-aaaa-aaaa-aaaa-aaaaaaaaaaa1
ef0612f0-fd6e-41b5-8a60-c1c7776d2ae8,aaaaaaa3-aaaa-aaaa-aaaa-aaaaaaaaaaa3
2dbfd669-84c4-4039-8943-0722e5f667e6,aaaaaaa2-aaaa-aaaa-aaaa-aaaaaaaaaaa2
7125a3db-dd6f-4728-8e79-f05e77df1b37,aaaaaaa1-aaaa-aaaa-aaaa-aaaaaaaaaaa1
7125a3db-dd6f-4728-8e79-f05e77df1b37,aaaaaaa2-aaaa-aaaa-aaaa-aaaaaaaaaaa2
7125a3db-dd6f-4728-8e79-f05e77df1b37,aaaaaaa4-aaaa-aaaa-aaaa-aaaaaaaaaaa4
5d4b68ab-0af6-4802-b714-9525b55e4bc0,aaaaaaa3-aaaa-aaaa-aaaa-aaaaaaaaaaa3
0b467dc9-f4ed-4001-8a2d-154e26eb7631,aaaaaaa1-aaaa-aaaa-aaaa-aaaaaaaaaaa1
8647e165-a8c4-4629-b3db-8ba98e7609f4,aaaaaaa2-aaaa-aaaa-aaaa-aaaaaaaaaaa2
8647e165-a8c4-4629-b3db-8ba98e7609f4,aaaaaaa3-aaaa-aaaa-aaaa-aaaaaaaaaaa3
8647e165-a8c4-4629-b3db-8ba98e7609f4,aaaaaaa4-aaaa-aaaa-aaaa-aaaaaaaaaaa4
ba85c532-3a76-45e5-994b-0f99ce0b24d5,aaaaaaa1-aaaa-aaaa-aaaa-aaaaaaaaaaa1
ba85c532-3a76-45e5-994b-0f99ce0b24d5,aaaaaaa3-aaaa-aaaa-aaaa-aaaaaaaaaaa3
a8214e00-0387-4ca1-a5a6-0965b6deaa2f,aaaaaaa2-aaaa-aaaa-aaaa-aaaaaaaaaaa2
c7c4ea6f-386e-400f-8fe6-e55ec6472a9a,aaaaaaa1-aaaa-aaaa-aaaa-aaaaaaaaaaa1
c7c4ea6f-386e-400f-8fe6-e55ec6472a9a,aaaaaaa2-aaaa-aaaa-aaaa-aaaaaaaaaaa2
c7c4ea6f-386e-400f-8fe6-e55ec6472a9a,aaaaaaa4-aaaa-aaaa-aaaa-aaaaaaaaaaa4
9f288fc7-8b94-4ee6-9773-fcf838e4ce67,aaaaaaa3-aaaa-aaaa-aaaa-aaaaaaaaaaa3
4be358bb-ea7c-45f9-aea1-952c72ae04c1,aaaaaaa1-aaaa-aaaa-aaaa-aaaaaaaaaaa1
3da27e2c-30ba-46db-bc9f-5418f6ecb341,aaaaaaa2-aaaa-aaaa-aaaa-aaaaaaaaaaa2
3da27e2c-30ba-46db-bc9f-5418f6ecb341,aaaaaaa3-aaaa-aaaa-aaaa-aaaaaaaaaaa3
3da27e2c-30ba-46db-bc9f-5418f6ecb341,aaaaaaa4-aaaa-aaaa-aaaa-aaaaaaaaaaa4
990bac8f-ea84-494b-85b8-f9f139d8c6d0,aaaaaaa1-aaaa-aaaa-aaaa-aaaaaaaaaaa1
990bac8f-ea84-494b-85b8-f9f139d8c6d0,aaaaaaa3-aaaa-aaaa-aaaa-aaaaaaaaaaa3
7086b02e-8834-41f7-8b93-f02cbec2f1a8,aaaaaaa2-aaaa-aaaa-aaaa-aaaaaaaaaaa2
1a416a3d-4131-47f5-a8c6-64d80920d2c2,aaaaaaa1-aaaa-aaaa-aaaa-aaaaaaaaaaa1
1a416a3d-4131-47f5-a8c6-64d80920d2c2,aaaaaaa2-aaaa-aaaa-aaaa-aaaaaaaaaaa2
1a416a3d-4131-47f5-a8c6-64d80920d2c2,aaaaaaa4-aaaa-aaaa-aaaa-aaaaaaaaaaa4
d8381c88-8373-4be7-bb51-d43d77ca478b,aaaaaaa3-aaaa-aaaa-aaaa-aaaaaaaaaaa3
80988de5-ec92-4a9f-81b2-0be830def34e,aaaaaaa1-aaaa-aaaa-aaaa-aaaaaaaaaaa1
9fc7a79b-5c51-4fb6-8a9d-011c4d7f0966,aaaaaaa2-aaaa-aaaa-aaaa-aaaaaaaaaaa2
9fc7a79b-5c51-4fb6-8a9d-011c4d7f0966,aaaaaaa3-aaaa-aaaa-aaaa-aaaaaaaaaaa3
9fc7a79b-5c51-4fb6-8a9d-011c4d7f0966,aaaaaaa4-aaaa-aaaa-aaaa-aaaaaaaaaaa4
27cc8737-3eaa-4a8d-8813-c99c5a30959b,aaaaaaa1-aaaa-aaaa-aaaa-aaaaaaaaaaa1
27cc8737-3eaa-4a8d-8813-c99c5a30959b,aaaaaaa3-aaaa-aaaa-aaaa-aaaaaaaaaaa3
4bf6ba61-0f04-46c8-a2c4-2610b0a96d37,aaaaaaa2-aaaa-aaaa-aaaa-aaaaaaaaaaa2
0517c98d-b8da-4136-95be-e47ba50d593b,aaaaaaa1-aaaa-aaaa-aaaa-aaaaaaaaaaa1
0517c98d-b8da-4136-95be-e47ba50d593b,aaaaaaa2-aaaa-aaaa-aaaa-aaaaaaaaaaa2
0517c98d-b8da-4136-95be-e47ba50d593b,aaaaaaa4-aaaa-aaaa-aaaa-aaaaaaaaaaa4
ade208aa-9c56-49f7-9877-364f3be65ce8,aaaaaaa3-aaaa-aaaa-aaaa-aaaaaaaaaaa3
4c03cd20-9d25-447d-a84c-59595ecf2156,aaaaaaa1-aaaa-aaaa-aaaa-aaaaaaaaaaa1
17509602-dc74-420c-9964-aaf3666dca4c,aaaaaaa2-aaaa-aaaa-aaaa-aaaaaaaaaaa2
17509602-dc74-420c-9964-aaf3666dca4c,aaaaaaa3-aaaa-aaaa-aaaa-aaaaaaaaaaa3
17509602-dc74-420c-9964-aaf3666dca4c,aaaaaaa4-aaaa-aaaa-aaaa-aaaaaaaaaaa4
62db6c75-4d17-4c6c-a224-c56e43e9dbd9,aaaaaaa1-aaaa-aaaa-aaaa-aaaaaaaaaaa1
62db6c75-4d17-4c6c-a224-c56e43e9dbd9,aaaaaaa3-aaaa-aaaa-aaaa-aaaaaaaaaaa3
7934cdcb-ed54-4851-b954-dc134a155fe0,aaaaaaa2-aaaa-aaaa-aaaa-aaaaaaaaaaa2
6b9634f8-af95-49cb-abb6-53348d4afb6c,aaaaaaa1-aaaa-aaaa-aaaa-aaaaaaaaaaa1
6b9634f8-af95-49cb-abb6-53348d4afb6c,aaaaaaa2-aaaa-aaaa-aaaa-aaaaaaaaaaa2
6b9634f8-af95-49cb-abb6-53348d4afb6c,aaaaaaa4-aaaa-aaaa-aaaa-aaaaaaaaaaa4
7a29ef7f-e8a3-4cf9-b92a-300d6a56f0ec,aaaaaaa3-aaaa-aaaa-aaaa-aaaaaaaaaaa3
2536d9f9-0a7d-4c35-94a4-83ff93c219e3,aaaaaaa1-aaaa-aaaa-aaaa-aaaaaaaaaaa1
0bce9756-7b46-44e0-91ac-7581f90a94cb,aaaaaaa2-aaaa-aaaa-aaaa-aaaaaaaaaaa2
0bce9756-7b46-44e0-91ac-7581f90a94cb,aaaaaaa3-aaaa-aaaa-aaaa-aaaaaaaaaaa3
0bce9756-7b46-44e0-91ac-7581f90a94cb,aaaaaaa4-aaaa-aaaa-aaaa-aaaaaaaaaaa4
bbeee646-12f7-4c87-908c-a044a0f55dbb,aaaaaaa1-aaaa-aaaa-aaaa-aaaaaaaaaaa1
bbeee646-12f7-4c87-908c-a044a0f55dbb,aaaaaaa3-aaaa-aaaa-aaaa-aaaaaaaaaaa3
ebfb11a7-addd-4031-9574-5b559175b904,aaaaaaa2-aaaa-aaaa-aaaa-aaaaaaaaaaa2
c85acec3-f571-44b8-8ee7-85ed74f8bbef,aaaaaaa1-aaaa-aaaa-aaaa-aaaaaaaaaaa1
c85acec3-f571-44b8-8ee7-85ed74f8bbef,aaaaaaa2-aaaa-aaaa-aaaa-aaaaaaaaaaa2
c85acec3-f571-44b8-8ee7-85ed74f8bbef,aaaaaaa4-aaaa-aaaa-aaaa-aaaaaaaaaaa4
73c42cf6-4ac4-4379-9fc6-8d079356001a,aaaaaaa3-aaaa-aaaa-aaaa-aaaaaaaaaaa3
aab1730b-f1a4-44fd-a5fd-0111ec66ba2a,aaaaaaa1-aaaa-aaaa-aaaa-aaaaaaaaaaa1
ae2556f1-10c2-4603-bede-5543afa53b28,aaaaaaa2-aaaa-aaaa-aaaa-aaaaaaaaaaa2
ae2556f1-10c2-4603-bede-5543afa53b28,aaaaaaa3-aaaa-aaaa-aaaa-aaaaaaaaaaa3
ae2556f1-10c2-4603-bede-5543afa53b28,aaaaaaa4-aaaa-aaaa-aaaa-aaaaaaaaaaa4
fd23eb82-0ded-4550-9d67-3fce5bff4de0,aaaaaaa1-aaaa-aaaa-aaaa-aaaaaaaaaaa1
fd23eb82-0ded-4550-9d67-3fce5bff4de0,aaaaaaa3-aaaa-aaaa-aaaa-aaaaaaaaaaa3
8943ffbf-d632-4e03-93e2-bdc635f07d1d,aaaaaaa2-aaaa-aaaa-aaaa-aaaaaaaaaaa2
f84d98a0-3e84-4fa9-9b9e-259192cc5cd0,aaaaaaa1-aaaa-aaaa-aaaa-aaaaaaaaaaa1
f84d98a0-3e84-4fa9-9b9e-259192cc5cd0,aaaaaaa2-aaaa-aaaa-aaaa-aaaaaaaaaaa2
f84d98a0-3e84-4fa9-9b9e-259192cc5cd0,aaaaaaa4-aaaa-aaaa-aaaa-aaaaaaaaaaa4
d5f2e1cf-1b77-48b0-897b-d5e96be6eb44,aaaaaaa3-aaaa-aaaa-aaaa-aaaaaaaaaaa3
cc84dae5-bb30-43f4-88ff-bc39245902f7,aaaaaaa1-aaaa-aaaa-aaaa-aaaaaaaaaaa1
ade65502-a1d9-41e0-9193-d8ace4814896,aaaaaaa2-aaaa-aaaa-aaaa-aaaaaaaaaaa2
ade65502-a1d9-41e0-9193-d8ace4814896,aaaaaaa3-aaaa-aaaa-aaaa-aaaaaaaaaaa3
ade65502-a1d9-41e0-9193-d8ace4814896,aaaaaaa4-aaaa-aaaa-aaaa-aaaaaaaaaaa4
5605bf87-bb46-4869-853a-cc58ec309ce7,aaaaaaa1-aaaa-aaaa-aaaa-aaaaaaaaaaa1
5605bf87-bb46-4869-853a-cc58ec309ce7,aaaaaaa3-aaaa-aaaa-aaaa-aaaaaaaaaaa3
44e7a0cd-fc7b-41ea-a182-1e1fa4a2671c,aaaaaaa2-aaaa-aaaa-aaaa-aaaaaaaaaaa2
28e4e960-a90f-4a0e-a66e-ac8be3c90dac,aaaaaaa1-aaaa-aaaa-aaaa-aaaaaaaaaaa1
28e4e960-a90f-4a0e-a66e-ac8be3c90dac,aaaaaaa2-aaaa-aaaa-aaaa-aaaaaaaaaaa2
28e4e960-a90f-4a0e-a66e-ac8be3c90dac,aaaaaaa4-aaaa-aaaa-aaaa-aaaaaaaaaaa4
29926f23-51e6-45fe-97a3-b22f40e2c1b8,aaaaaaa3-aaaa-aaaa-aaaa-aaaaaaaaaaa3
d2747865-e239-4b3a-ae2c-a7ddff21f582,aaaaaaa1-aaaa-aaaa-aaaa-aaaaaaaaaaa1
788e405f-bf62-4b13-8f67-148d246c7059,aaaaaaa2-aaaa-aaaa-aaaa-aaaaaaaaaaa2
788e405f-bf62-4b13-8f67-148d246c7059,aaaaaaa3-aaaa-aaaa-aaaa-aaaaaaaaaaa3
788e405f-bf62-4b13-8f67-148d246c7059,aaaaaaa4-aaaa-aaaa-aaaa-aaaaaaaaaaa4
fbc7c8ae-a838-4428-a81f-a5d9c24b54c4,aaaaaaa1-aaaa-aaaa-aaaa-aaaaaaaaaaa1
fbc7c8ae-a838-4428-a81f-a5d9c24b54c4,aaaaaaa3-aaaa-aaaa-aaaa-aaaaaaaaaaa3
56e638a3-612c-4e1e-b00f-9ebb9633d61e,aaaaaaa2-aaaa-aaaa-aaaa-aaaaaaaaaaa2
e5d9958e-e87b-4b1d-84dd-bda8983bcc57,aaaaaaa1-aaaa-aaaa-aaaa-aaaaaaaaaaa1
e5d9958e-e87b-4b1d-84dd-bda8983bcc57,aaaaaaa2-aaaa-aaaa-aaaa-aaaaaaaaaaa2
e5d9958e-e87b-4b1d-84dd-bda8983bcc57,aaaaaaa4-aaaa-aaaa-aaaa-aaaaaaaaaaa4
ecdd9b7e-e9f5-4e1f-aea9-64410175184e,aaaaaaa3-aaaa-aaaa-aaaa-aaaaaaaaaaa3
748dfd40-8938-493f-9acd-d932be64cf5a,aaaaaaa1-aaaa-aaaa-aaaa-aaaaaaaaaaa1
e7f36d67-dfe0-4c99-82dc-1d0f6619dc78,aaaaaaa2-aaaa-aaaa-aaaa-aaaaaaaaaaa2
e7f36d67-dfe0-4c99-82dc-1d0f6619dc78,aaaaaaa3-aaaa-aaaa-aaaa-aaaaaaaaaaa3
e7f36d67-dfe0-4c99-82dc-1d0f6619dc78,aaaaaaa4-aaaa-aaaa-aaaa-aaaaaaaaaaa4
6d0e4c0a-689f-4fbd-9cb3-8bdb2e91b701,aaaaaaa1-aaaa-aaaa-aaaa-aaaaaaaaaaa1
6d0e4c0a-689f-4fbd-9cb3-8bdb2e91b701,aaaaaaa3-aaaa-aaaa-aaaa-aaaaaaaaaaa3
c873bf49-d1c1-4638-b901-ec0e0c86608d,aaaaaaa2-aaaa-aaaa-aaaa-aaaaaaaaaaa2
f14371a4-c10b-4446-a554-31564e13d2a0,aaaaaaa1-aaaa-aaaa-aaaa-aaaaaaaaaaa1
f14371a4-c10b-4446-a554-31564e13d2a0,aaaaaaa2-aaaa-aaaa-aaaa-aaaaaaaaaaa2
f14371a4-c10b-4446-a554-31564e13d2a0,aaaaaaa4-aaaa-aaaa-aaaa-aaaaaaaaaaa4
225a84ce-bd66-4525-89a6-1bc4e5483bb2,aaaaaaa3-aaaa-aaaa-aaaa-aaaaaaaaaaa3
eb5893af-2df0-4950-a3b5-7f17236edc0c,aaaaaaa1-aaaa-aaaa-aaaa-aaaaaaaaaaa1
a11b0b7f-ee33-430f-b536-9fe3310f933b,aaaaaaa2-aaaa-aaaa-aaaa-aaaaaaaaaaa2
a11b0b7f-ee33-430f-b536-9fe3310f933b,aaaaaaa3-aaaa-aaaa-aaaa-aaaaaaaaaaa3
a11b0b7f-ee33-430f-b536-9fe3310f933b,aaaaaaa4-aaaa-aaaa-aaaa-aaaaaaaaaaa4
9bac1627-e219-4f9a-9ea6-7c35c22ae14c,aaaaaaa1-aaaa-aaaa-aaaa-aaaaaaaaaaa1
9bac1627-e219-4f9a-9ea6-7c35c22ae14c,aaaaaaa3-aaaa-aaaa-aaaa-aaaaaaaaaaa3
40ceae4e-e4e7-4a4b-bc9a-f038ecc0d9d6,aaaaaaa2-aaaa-aaaa-aaaa-aaaaaaaaaaa2
31c790de-f92f-4968-9584-6f3a4641ca19,aaaaaaa1-aaaa-aaaa-aaaa-aaaaaaaaaaa1
31c790de-f92f-4968-9584-6f3a4641ca19,aaaaaaa2-aaaa-aaaa-aaaa-aaaaaaaaaaa2
31c790de-f92f-4968-9584-6f3a4641ca19,aaaaaaa4-aaaa-aaaa-aaaa-aaaaaaaaaaa4
ab5fb408-9e00-45af-a042-34c8040d7d92,aaaaaaa3-aaaa-aaaa-aaaa-aaaaaaaaaaa3
115085b9-3f94-4611-b329-1055f696a520,aaaaaaa1-aaaa-aaaa-aaaa-aaaaaaaaaaa1
751a65d7-39da-4855-9091-dbce779c6d7b,aaaaaaa2-aaaa-aaaa-aaaa-aaaaaaaaaaa2
751a65d7-39da-4855-9091-dbce779c6d7b,aaaaaaa3-aaaa-aaaa-aaaa-aaaaaaaaaaa3
751a65d7-39da-4855-9091-dbce779c6d7b,aaaaaaa4-aaaa-aaaa-aaaa-aaaaaaaaaaa4
3b0920ee-a6ae-4648-8413-fc66b0563aac,aaaaaaa1-aaaa-aaaa-aaaa-aaaaaaaaaaa1
3b0920ee-a6ae-4648-8413-fc66b0563aac,aaaaaaa3-aaaa-aaaa-aaaa-aaaaaaaaaaa3
e832fbc7-0fbb-4fac-952b-21f315d6161d,aaaaaaa2-aaaa-aaaa-aaaa-aaaaaaaaaaa2
498ddaaf-8d7f-4651-917a-9ca4093a1326,aaaaaaa1-aaaa-aaaa-aaaa-aaaaaaaaaaa1
498ddaaf-8d7f-4651-917a-9ca4093a1326,aaaaaaa2-aaaa-aaaa-aaaa-aaaaaaaaaaa2
498ddaaf-8d7f-4651-917a-9ca4093a1326,aaaaaaa4-aaaa-aaaa-aaaa-aaaaaaaaaaa4
11c560e7-b9a9-4839-80ba-08d2113b89f5,aaaaaaa3-aaaa-aaaa-aaaa-aaaaaaaaaaa3
38102349-0864-4402-9b1d-12120b98fe72,aaaaaaa1-aaaa-aaaa-aaaa-aaaaaaaaaaa1
9c4f63d6-24fe-4301-9277-4338daf641bc,aaaaaaa2-aaaa-aaaa-aaaa-aaaaaaaaaaa2
9c4f63d6-24fe-4301-9277-4338daf641bc,aaaaaaa3-aaaa-aaaa-aaaa-aaaaaaaaaaa3
9c4f63d6-24fe-4301-9277-4338daf641bc,aaaaaaa4-aaaa-aaaa-aaaa-aaaaaaaaaaa4
a18fe148-9a77-434e-bac9-00cb002b3a14,aaaaaaa1-aaaa-aaaa-aaaa-aaaaaaaaaaa1
a18fe148-9a77-434e-bac9-00cb002b3a14,aaaaaaa3-aaaa-aaaa-aaaa-aaaaaaaaaaa3
ee7a78e1-ac32-4df9-8843-b85343e49eb6,aaaaaaa2-aaaa-aaaa-aaaa-aaaaaaaaaaa2
42da5fe2-8f91-47f3-a317-a3b74568a21b,aaaaaaa1-aaaa-aaaa-aaaa-aaaaaaaaaaa1
42da5fe2-8f91-47f3-a317-a3b74568a21b,aaaaaaa2-aaaa-aaaa-aaaa-aaaaaaaaaaa2
42da5fe2-8f91-47f3-a317-a3b74568a21b,aaaaaaa4-aaaa-aaaa-aaaa-aaaaaaaaaaa4
60a6e0cc-4cdb-45e7-9566-8961e37be7cf,aaaaaaa3-aaaa-aaaa-aaaa-aaaaaaaaaaa3
1df7c1da-9029-4a52-be81-ffebaeed2f52,aaaaaaa1-aaaa-aaaa-aaaa-aaaaaaaaaaa1
489ec39d-c918-4d4e-bd83-70271f9e0a3e,aaaaaaa2-aaaa-aaaa-aaaa-aaaaaaaaaaa2
489ec39d-c918-4d4e-bd83-70271f9e0a3e,aaaaaaa3-aaaa-aaaa-aaaa-aaaaaaaaaaa3
489ec39d-c918-4d4e-bd83-70271f9e0a3e,aaaaaaa4-aaaa-aaaa-aaaa-aaaaaaaaaaa4
da25f171-2e17-4952-9ec9-ebe7997222e8,aaaaaaa1-aaaa-aaaa-aaaa-aaaaaaaaaaa1
da25f171-2e17-4952-9ec9-ebe7997222e8,aaaaaaa3-aaaa-aaaa-aaaa-aaaaaaaaaaa3
dff86618-8772-4059-84f1-70a866fbdd69,aaaaaaa2-aaaa-aaaa-aaaa-aaaaaaaaaaa2
7a12cb1f-3c3f-4fa9-834f-d210d88f3215,aaaaaaa1-aaaa-aaaa-aaaa-aaaaaaaaaaa1
7a12cb1f-3c3f-4fa9-834f-d210d88f3215,aaaaaaa2-aaaa-aaaa-aaaa-aaaaaaaaaaa2
7a12cb1f-3c3f-4fa9-834f-d210d88f3215,aaaaaaa4-aaaa-aaaa-aaaa-aaaaaaaaaaa4
4543a91d-f24b-4cb1-ab2a-dd6b6273a986,aaaaaaa3-aaaa-aaaa-aaaa-aaaaaaaaaaa3
acff001b-971e-4dad-b7a8-e68839e2d19c,aaaaaaa1-aaaa-aaaa-aaaa-aaaaaaaaaaa1
c48a6be8-ec41-47da-b46b-b8fe29e68492,aaaaaaa2-aaaa-aaaa-aaaa-aaaaaaaaaaa2
c48a6be8-ec41-47da-b46b-b8fe29e68492,aaaaaaa3-aaaa-aaaa-aaaa-aaaaaaaaaaa3
c48a6be8-ec41-47da-b46b-b8fe29e68492,aaaaaaa4-aaaa-aaaa-aaaa-aaaaaaaaaaa4
5ebee46d-c33e-438a-9916-7aae831e882a,aaaaaaa1-aaaa-aaaa-aaaa-aaaaaaaaaaa1
5ebee46d-c33e-438a-9916-7aae831e882a,aaaaaaa3-aaaa-aaaa-aaaa-aaaaaaaaaaa3
791ede25-b358-4c2f-9165-369c97e4b802,aaaaaaa2-aaaa-aaaa-aaaa-aaaaaaaaaaa2
da169f43-56cc-4dbb-ac2c-2e368405ce47,aaaaaaa1-aaaa-aaaa-aaaa-aaaaaaaaaaa1
da169f43-56cc-4dbb-ac2c-2e368405ce47,aaaaaaa2-aaaa-aaaa-aaaa-aaaaaaaaaaa2
da169f43-56cc-4dbb-ac2c-2e368405ce47,aaaaaaa4-aaaa-aaaa-aaaa-aaaaaaaaaaa4
63279c8c-412a-45da-9043-7ee73ab26d69,aaaaaaa3-aaaa-aaaa-aaaa-aaaaaaaaaaa3
a3261e92-2ccc-46fd-94c0-8a60f7fdbd8a,aaaaaaa1-aaaa-aaaa-aaaa-aaaaaaaaaaa1
6a437258-478b-4e02-9bb0-9a8035a078d6,aaaaaaa2-aaaa-aaaa-aaaa-aaaaaaaaaaa2
6a437258-478b-4e02-9bb0-9a8035a078d6,aaaaaaa3-aaaa-aaaa-aaaa-aaaaaaaaaaa3
6a437258-478b-4e02-9bb0-9a8035a078d6,aaaaaaa4-aaaa-aaaa-aaaa-aaaaaaaaaaa4
8a70653e-0767-47f5-9914-950c1f4e849e,aaaaaaa1-aaaa-aaaa-aaaa-aaaaaaaaaaa1
8a70653e-0767-47f5-9914-950c1f4e849e,aaaaaaa3-aaaa-aaaa-aaaa-aaaaaaaaaaa3
a420c25d-686d-48d8-a8cd-49f4064c1919,aaaaaaa2-aaaa-aaaa-aaaa-aaaaaaaaaaa2
65aae9e7-2594-403d-a252-f552f2169023,aaaaaaa1-aaaa-aaaa-aaaa-aaaaaaaaaaa1
65aae9e7-2594-403d-a252-f552f2169023,aaaaaaa2-aaaa-aaaa-aaaa-aaaaaaaaaaa2
65aae9e7-2594-403d-a252-f552f2169023,aaaaaaa4-aaaa-aaaa-aaaa-aaaaaaaaaaa4
e5289e55-35f6-4bc7-a32e-d6f3ef87598b,aaaaaaa3-aaaa-aaaa-aaaa-aaaaaaaaaaa3
5936ac19-000f-402b-bf83-9b93db39c66e,aaaaaaa1-aaaa-aaaa-aaaa-aaaaaaaaaaa1
5f7efd3f-5981-413a-ba21-acff20bf80c4,aaaaaaa2-aaaa-aaaa-aaaa-aaaaaaaaaaa2
5f7efd3f-5981-413a-ba21-acff20bf80c4,aaaaaaa3-aaaa-aaaa-aaaa-aaaaaaaaaaa3
5f7efd3f-5981-413a-ba21-acff20bf80c4,aaaaaaa4-aaaa-aaaa-aaaa-aaaaaaaaaaa4
058eff5e-df52-4737-9783-3a288abd1ad8,aaaaaaa1-aaaa-aaaa-aaaa-aaaaaaaaaaa1
058eff5e-df52-4737-9783-3a288abd1ad8,aaaaaaa3-aaaa-aaaa-aaaa-aaaaaaaaaaa3
17b22857-db9e-47af-b87e-4cbdfd5a9552,aaaaaaa2-aaaa-aaaa-aaaa-aaaaaaaaaaa2
1bdde869-26d7-463d-8f1e-594aa0f66a08,aaaaaaa1-aaaa-aaaa-aaaa-aaaaaaaaaaa1
1bdde869-26d7-463d-8f1e-594aa0f66a08,aaaaaaa2-aaaa-aaaa-aaaa-aaaaaaaaaaa2
1bdde869-26d7-463d-8f1e-594aa0f66a08,aaaaaaa4-aaaa-aaaa-aaaa-aaaaaaaaaaa4
24917b28-bcca-4fa3-9bb7-82d5865eb044,aaaaaaa3-aaaa-aaaa-aaaa-aaaaaaaaaaa3
5dfb657b-a758-46b9-9f1a-5bc4e639d07b,aaaaaaa1-aaaa-aaaa-aaaa-aaaaaaaaaaa1
fadf8869-d77d-45a6-9190-823caa801ea7,aaaaaaa2-aaaa-aaaa-aaaa-aaaaaaaaaaa2
fadf8869-d77d-45a6-9190-823caa801ea7,aaaaaaa3-aaaa-aaaa-aaaa-aaaaaaaaaaa3
fadf8869-d77d-45a6-9190-823caa801ea7,aaaaaaa4-aaaa-aaaa-aaaa-aaaaaaaaaaa4
39d85960-d490-4a57-91c8-f3933ddb47b9,aaaaaaa1-aaaa-aaaa-aaaa-aaaaaaaaaaa1
39d85960-d490-4a57-91c8-f3933ddb47b9,aaaaaaa3-aaaa-aaaa-aaaa-aaaaaaaaaaa3
1317719a-21d7-4b10-bad6-7d1d4338e261,aaaaaaa2-aaaa-aaaa-aaaa-aaaaaaaaaaa2
9fa843bb-503b-4b0e-8afa-8dfc14a7b00d,aaaaaaa1-aaaa-aaaa-aaaa-aaaaaaaaaaa1
9fa843bb-503b-4b0e-8afa-8dfc14a7b00d,aaaaaaa2-aaaa-aaaa-aaaa-aaaaaaaaaaa2
9fa843bb-503b-4b0e-8afa-8dfc14a7b00d,aaaaaaa4-aaaa-aaaa-aaaa-aaaaaaaaaaa4
abf4eaa4-b386-408e-a042-73d8e11af420,aaaaaaa3-aaaa-aaaa-aaaa-aaaaaaaaaaa3
b7f445c5-ce29-4870-8f3a-0e9089c235a1,aaaaaaa1-aaaa-aaaa-aaaa-aaaaaaaaaaa1
c19c5317-db8c-4ebd-8b54-c92678fd12a8,aaaaaaa2-aaaa-aaaa-aaaa-aaaaaaaaaaa2
c19c5317-db8c-4ebd-8b54-c92678fd12a8,aaaaaaa3-aaaa-aaaa-aaaa-aaaaaaaaaaa3
c19c5317-db8c-4ebd-8b54-c92678fd12a8,aaaaaaa4-aaaa-aaaa-aaaa-aaaaaaaaaaa4
2a8d6d29-da86-4f1f-adf4-2e3104b4dc27,aaaaaaa1-aaaa-aaaa-aaaa-aaaaaaaaaaa1
2a8d6d29-da86-4f1f-adf4-2e3104b4dc27,aaaaaaa3-aaaa-aaaa-aaaa-aaaaaaaaaaa3
37f6a97f-a951-4587-a59e-e0ebf9ecd96a,aaaaaaa2-aaaa-aaaa-aaaa-aaaaaaaaaaa2
7d6f5cb1-10d0-4856-9083-3080c3ba6ecd,aaaaaaa1-aaaa-aaaa-aaaa-aaaaaaaaaaa1
7d6f5cb1-10d0-4856-9083-3080c3ba6ecd,aaaaaaa2-aaaa-aaaa-aaaa-aaaaaaaaaaa2
7d6f5cb1-10d0-4856-9083-3080c3ba6ecd,aaaaaaa4-aaaa-aaaa-aaaa-aaaaaaaaaaa4
53375384-51e8-412e-a5bb-016cd3117906,aaaaaaa3-aaaa-aaaa-aaaa-aaaaaaaaaaa3
082eeb4e-19e0-4c5c-a949-aa0cffa8aaa0,aaaaaaa1-aaaa-aaaa-aaaa-aaaaaaaaaaa1
7f95a39b-8595-4abe-b253-4f40e37c69ab,aaaaaaa2-aaaa-aaaa-aaaa-aaaaaaaaaaa2
7f95a39b-8595-4abe-b253-4f40e37c69ab,aaaaaaa3-aaaa-aaaa-aaaa-aaaaaaaaaaa3
7f95a39b-8595-4abe-b253-4f40e37c69ab,aaaaaaa4-aaaa-aaaa-aaaa-aaaaaaaaaaa4
185859e2-2203-43f7-80e5-2cbce7eeaf43,aaaaaaa1-aaaa-aaaa-aaaa-aaaaaaaaaaa1
185859e2-2203-43f7-80e5-2cbce7eeaf43,aaaaaaa3-aaaa-aaaa-aaaa-aaaaaaaaaaa3
96b97457-ab40-4966-992b-02d04e74e3fd,aaaaaaa2-aaaa-aaaa-aaaa-aaaaaaaaaaa2
3401e9b9-3285-4fb0-80da-f163c34e2185,aaaaaaa1-aaaa-aaaa-aaaa-aaaaaaaaaaa1
3401e9b9-3285-4fb0-80da-f163c34e2185,aaaaaaa2-aaaa-aaaa-aaaa-aaaaaaaaaaa2
3401e9b9-3285-4fb0-80da-f163c34e2185,aaaaaaa4-aaaa-aaaa-aaaa-aaaaaaaaaaa4
74103f84-0d35-4946-8b22-137ed777705f,aaaaaaa3-aaaa-aaaa-aaaa-aaaaaaaaaaa3
e927a72a-1426-42c4-9f63-11b831fdd682,aaaaaaa1-aaaa-aaaa-aaaa-aaaaaaaaaaa1
3dbe4a61-33ce-46e7-b5cf-d9cc7d7c8d77,aaaaaaa2-aaaa-aaaa-aaaa-aaaaaaaaaaa2
3dbe4a61-33ce-46e7-b5cf-d9cc7d7c8d77,aaaaaaa3-aaaa-aaaa-aaaa-aaaaaaaaaaa3
3dbe4a61-33ce-46e7-b5cf-d9cc7d7c8d77,aaaaaaa4-aaaa-aaaa-aaaa-aaaaaaaaaaa4
b0b6822e-ca65-4fd1-8c32-3c730b2856ea,aaaaaaa1-aaaa-aaaa-aaaa-aaaaaaaaaaa1
b0b6822e-ca65-4fd1-8c32-3c730b2856ea,aaaaaaa3-aaaa-aaaa-aaaa-aaaaaaaaaaa3
302c8054-cdb3-4407-b5d6-c6df99b88c55,aaaaaaa2-aaaa-aaaa-aaaa-aaaaaaaaaaa2
4a0b81b1-4530-41ae-9928-b107fbf24f07,aaaaaaa1-aaaa-aaaa-aaaa-aaaaaaaaaaa1
4a0b81b1-4530-41ae-9928-b107fbf24f07,aaaaaaa2-aaaa-aaaa-aaaa-aaaaaaaaaaa2
4a0b81b1-4530-41ae-9928-b107fbf24f07,aaaaaaa4-aaaa-aaaa-aaaa-aaaaaaaaaaa4
9cbff2c4-6798-4ef9-9761-10a61474938c,aaaaaaa3-aaaa-aaaa-aaaa-aaaaaaaaaaa3
82dc3a4b-803e-4106-a578-a4caf03a56ee,aaaaaaa1-aaaa-aaaa-aaaa-aaaaaaaaaaa1
5df9c473-d23b-4a51-9d3e-456cfbf63be2,aaaaaaa2-aaaa-aaaa-aaaa-aaaaaaaaaaa2
5df9c473-d23b-4a51-9d3e-456cfbf63be2,aaaaaaa3-aaaa-aaaa-aaaa-aaaaaaaaaaa3
5df9c473-d23b-4a51-9d3e-456cfbf63be2,aaaaaaa4-aaaa-aaaa-aaaa-aaaaaaaaaaa4
e4628f45-5b94-4ed3-9734-b39b14e546d0,aaaaaaa1-aaaa-aaaa-aaaa-aaaaaaaaaaa1
e4628f45-5b94-4ed3-9734-b39b14e546d0,aaaaaaa3-aaaa-aaaa-aaaa-aaaaaaaaaaa3
cf4deaf8-a134-44ee-ae56-198f93c5ec04,aaaaaaa2-aaaa-aaaa-aaaa-aaaaaaaaaaa2
3c249a4e-9351-4438-a53e-3f6fe6cd5bfe,aaaaaaa1-aaaa-aaaa-aaaa-aaaaaaaaaaa1
3c249a4e-9351-4438-a53e-3f6fe6cd5bfe,aaaaaaa2-aaaa-aaaa-aaaa-aaaaaaaaaaa2
3c249a4e-9351-4438-a53e-3f6fe6cd5bfe,aaaaaaa4-aaaa-aaaa-aaaa-aaaaaaaaaaa4
7e391eae-60b5-4975-95f4-b4ea3082f29b,aaaaaaa3-aaaa-aaaa-aaaa-aaaaaaaaaaa3
f33b9cce-44be-409a-b67c-130345f3bb95,aaaaaaa1-aaaa-aaaa-aaaa-aaaaaaaaaaa1
fd0db3c3-9551-4311-8c3b-8252363e29d3,aaaaaaa2-aaaa-aaaa-aaaa-aaaaaaaaaaa2
fd0db3c3-9551-4311-8c3b-8252363e29d3,aaaaaaa3-aaaa-aaaa-aaaa-aaaaaaaaaaa3
fd0db3c3-9551-4311-8c3b-8252363e29d3,aaaaaaa4-aaaa-aaaa-aaaa-aaaaaaaaaaa4
2a1796a4-30ff-4282-806d-78675ce84048,aaaaaaa1-aaaa-aaaa-aaaa-aaaaaaaaaaa1
2a1796a4-30ff-4282-806d-78675ce84048,aaaaaaa3-aaaa-aaaa-aaaa-aaaaaaaaaaa3
f13b90a3-5e47-4522-a1c5-021e6076e998,aaaaaaa2-aaaa-aaaa-aaaa-aaaaaaaaaaa2
36e9e21c-f5ef-47d2-81ad-a4ec39f9edf1,aaaaaaa1-aaaa-aaaa-aaaa-aaaaaaaaaaa1
36e9e21c-f5ef-47d2-81ad-a4ec39f9edf1,aaaaaaa2-aaaa-aaaa-aaaa-aaaaaaaaaaa2
36e9e21c-f5ef-47d2-81ad-a4ec39f9edf1,aaaaaaa4-aaaa-aaaa-aaaa-aaaaaaaaaaa4
772f92d5-fe6b-41f7-b2b0-da17ce187ccd,aaaaaaa3-aaaa-aaaa-aaaa-aaaaaaaaaaa3
034988b1-3ed7-4c41-aeff-873f17e11a0e,aaaaaaa1-aaaa-aaaa-aaaa-aaaaaaaaaaa1
49f2347f-76c1-4e0f-8397-8f7b830592a5,aaaaaaa2-aaaa-aaaa-aaaa-aaaaaaaaaaa2
49f2347f-76c1-4e0f-8397-8f7b830592a5,aaaaaaa3-aaaa-aaaa-aaaa-aaaaaaaaaaa3
49f2347f-76c1-4e0f-8397-8f7b830592a5,aaaaaaa4-aaaa-aaaa-aaaa-aaaaaaaaaaa4
790865fd-9829-49f9-be79-fddecf00d17f,aaaaaaa1-aaaa-aaaa-aaaa-aaaaaaaaaaa1
790865fd-9829-49f9-be79-fddecf00d17f,aaaaaaa3-aaaa-aaaa-aaaa-aaaaaaaaaaa3
d236d79a-77e5-43b1-ba2f-60cfd8af11ac,aaaaaaa2-aaaa-aaaa-aaaa-aaaaaaaaaaa2
6ee7197b-77ed-432a-be05-92933098f17d,aaaaaaa1-aaaa-aaaa-aaaa-aaaaaaaaaaa1
6ee7197b-77ed-432a-be05-92933098f17d,aaaaaaa2-aaaa-aaaa-aaaa-aaaaaaaaaaa2
6ee7197b-77ed-432a-be05-92933098f17d,aaaaaaa4-aaaa-aaaa-aaaa-aaaaaaaaaaa4
dbcafc2e-c682-474a-aaf6-856f6900f893,aaaaaaa3-aaaa-aaaa-aaaa-aaaaaaaaaaa3
38d54862-98a4-46d4-a01c-5ddfdef21248,aaaaaaa1-aaaa-aaaa-aaaa-aaaaaaaaaaa1
e00a8d4c-22fc-4672-88bc-7c8618748b8a,aaaaaaa2-aaaa-aaaa-aaaa-aaaaaaaaaaa2
e00a8d4c-22fc-4672-88bc-7c8618748b8a,aaaaaaa3-aaaa-aaaa-aaaa-aaaaaaaaaaa3
e00a8d4c-22fc-4672-88bc-7c8618748b8a,aaaaaaa4-aaaa-aaaa-aaaa-aaaaaaaaaaa4
b407e38d-3965-40a2-a606-5c1e780e316d,aaaaaaa1-aaaa-aaaa-aaaa-aaaaaaaaaaa1
b407e38d-3965-40a2-a606-5c1e780e316d,aaaaaaa3-aaaa-aaaa-aaaa-aaaaaaaaaaa3
685485e0-1c29-403a-ba49-4d814f794c20,aaaaaaa2-aaaa-aaaa-aaaa-aaaaaaaaaaa2
9b9729ce-f38d-4799-abec-c152b0ddf4d1,aaaaaaa1-aaaa-aaaa-aaaa-aaaaaaaaaaa1
9b9729ce-f38d-4799-abec-c152b0ddf4d1,aaaaaaa2-aaaa-aaaa-aaaa-aaaaaaaaaaa2
9b9729ce-f38d-4799-abec-c152b0ddf4d1,aaaaaaa4-aaaa-aaaa-aaaa-aaaaaaaaaaa4
1f5a1b13-41f2-473e-9d6d-e5d22b131256,aaaaaaa3-aaaa-aaaa-aaaa-aaaaaaaaaaa3
2c74af3d-906e-45a4-9000-c837a9e01e7c,aaaaaaa1-aaaa-aaaa-aaaa-aaaaaaaaaaa1
aa19aa05-072e-4833-8e07-0396925eed11,aaaaaaa2-aaaa-aaaa-aaaa-aaaaaaaaaaa2
aa19aa05-072e-4833-8e07-0396925eed11,aaaaaaa3-aaaa-aaaa-aaaa-aaaaaaaaaaa3
aa19aa05-072e-4833-8e07-0396925eed11,aaaaaaa4-aaaa-aaaa-aaaa-aaaaaaaaaaa4
b1779078-227c-4dca-a178-2f08b38dfcd3,aaaaaaa1-aaaa-aaaa-aaaa-aaaaaaaaaaa1
b1779078-227c-4dca-a178-2f08b38dfcd3,aaaaaaa3-aaaa-aaaa-aaaa-aaaaaaaaaaa3
cb9e80dd-cdee-469a-80a4-e3fc7e2aaa04,aaaaaaa2-aaaa-aaaa-aaaa-aaaaaaaaaaa2
a219bf36-9197-4a14-9c05-4019232fa5ed,aaaaaaa1-aaaa-aaaa-aaaa-aaaaaaaaaaa1
a219bf36-9197-4a14-9c05-4019232fa5ed,aaaaaaa2-aaaa-aaaa-aaaa-aaaaaaaaaaa2
a219bf36-9197-4a14-9c05-4019232fa5ed,aaaaaaa4-aaaa-aaaa-aaaa-aaaaaaaaaaa4
94701d91-7b52-4293-812a-71236e351744,aaaaaaa3-aaaa-aaaa-aaaa-aaaaaaaaaaa3
561d7580-0fa8-417e-a47a-cb76ae479dda,aaaaaaa1-aaaa-aaaa-aaaa-aaaaaaaaaaa1
c7665b71-e68f-4649-afd3-8de4dda2462a,aaaaaaa2-aaaa-aaaa-aaaa-aaaaaaaaaaa2
c7665b71-e68f-4649-afd3-8de4dda2462a,aaaaaaa3-aaaa-aaaa-aaaa-aaaaaaaaaaa3
c7665b71-e68f-4649-afd3-8de4dda2462a,aaaaaaa4-aaaa-aaaa-aaaa-aaaaaaaaaaa4
4db0cc66-c7f8-403a-93ef-21ddb4345b9f,aaaaaaa1-aaaa-aaaa-aaaa-aaaaaaaaaaa1
4db0cc66-c7f8-403a-93ef-21ddb4345b9f,aaaaaaa3-aaaa-aaaa-aaaa-aaaaaaaaaaa3
b694c485-3cf8-4cf8-9072-9fecb81ef8ef,aaaaaaa2-aaaa-aaaa-aaaa-aaaaaaaaaaa2
1e1fbbf6-8e9f-451b-a87f-f875f2805936,aaaaaaa1-aaaa-aaaa-aaaa-aaaaaaaaaaa1
1e1fbbf6-8e9f-451b-a87f-f875f2805936,aaaaaaa2-aaaa-aaaa-aaaa-aaaaaaaaaaa2
1e1fbbf6-8e9f-451b-a87f-f875f2805936,aaaaaaa4-aaaa-aaaa-aaaa-aaaaaaaaaaa4
b894b1a5-1758-4213-98e1-e926115f0642,aaaaaaa3-aaaa-aaaa-aaaa-aaaaaaaaaaa3
930da1bb-2f7a-4ce5-beb0-ca4cb8f53424,aaaaaaa1-aaaa-aaaa-aaaa-aaaaaaaaaaa1
c0ea0278-c14a-4075-b270-5a9482d1d6d4,aaaaaaa2-aaaa-aaaa-aaaa-aaaaaaaaaaa2
c0ea0278-c14a-4075-b270-5a9482d1d6d4,aaaaaaa3-aaaa-aaaa-aaaa-aaaaaaaaaaa3
c0ea0278-c14a-4075-b270-5a9482d1d6d4,aaaaaaa4-aaaa-aaaa-aaaa-aaaaaaaaaaa4
c3c2d3be-fe5c-48cd-9218-67a85dcc64ea,aaaaaaa1-aaaa-aaaa-aaaa-aaaaaaaaaaa1
c3c2d3be-fe5c-48cd-9218-67a85dcc64ea,aaaaaaa3-aaaa-aaaa-aaaa-aaaaaaaaaaa3
e816420e-5d40-43c4-9668-2b0e95f62154,aaaaaaa2-aaaa-aaaa-aaaa-aaaaaaaaaaa2
c01ab28b-4555-4eae-8fa9-6eb394b8d5ec,aaaaaaa1-aaaa-aaaa-aaaa-aaaaaaaaaaa1
c01ab28b-4555-4eae-8fa9-6eb394b8d5ec,aaaaaaa2-aaaa-aaaa-aaaa-aaaaaaaaaaa2
c01ab28b-4555-4eae-8fa9-6eb394b8d5ec,aaaaaaa4-aaaa-aaaa-aaaa-aaaaaaaaaaa4
4385265c-f944-4539-9fa3-316152005160,aaaaaaa3-aaaa-aaaa-aaaa-aaaaaaaaaaa3
6954235b-ba34-4080-bae3-cc0dd24cd035,aaaaaaa1-aaaa-aaaa-aaaa-aaaaaaaaaaa1
15fec704-1adf-4583-90f1-8ad92f4b01ad,aaaaaaa2-aaaa-aaaa-aaaa-aaaaaaaaaaa2
15fec704-1adf-4583-90f1-8ad92f4b01ad,aaaaaaa3-aaaa-aaaa-aaaa-aaaaaaaaaaa3
15fec704-1adf-4583-90f1-8ad92f4b01ad,aaaaaaa4-aaaa-aaaa-aaaa-aaaaaaaaaaa4
7e38637a-8522-4d91-a2e6-499163c783fb,aaaaaaa1-aaaa-aaaa-aaaa-aaaaaaaaaaa1
7e38637a-8522-4d91-a2e6-499163c783fb,aaaaaaa3-aaaa-aaaa-aaaa-aaaaaaaaaaa3
6a36696f-78ef-464c-84f0-569b94bd5968,aaaaaaa2-aaaa-aaaa-aaaa-aaaaaaaaaaa2
47f90c6f-ceb3-4b34-b4ad-44779807f00d,aaaaaaa1-aaaa-aaaa-aaaa-aaaaaaaaaaa1
47f90c6f-ceb3-4b34-b4ad-44779807f00d,aaaaaaa2-aaaa-aaaa-aaaa-aaaaaaaaaaa2
47f90c6f-ceb3-4b34-b4ad-44779807f00d,aaaaaaa4-aaaa-aaaa-aaaa-aaaaaaaaaaa4
d0538d73-3e1d-4967-a381-8979e2a8f8da,aaaaaaa3-aaaa-aaaa-aaaa-aaaaaaaaaaa3
8f4c9698-4eae-4d55-91ff-a15cc52d0c4d,aaaaaaa1-aaaa-aaaa-aaaa-aaaaaaaaaaa1
8693a603-e1a3-4fa0-bb83-7004b2ccc826,aaaaaaa2-aaaa-aaaa-aaaa-aaaaaaaaaaa2
8693a603-e1a3-4fa0-bb83-7004b2ccc826,aaaaaaa3-aaaa-aaaa-aaaa-aaaaaaaaaaa3
8693a603-e1a3-4fa0-bb83-7004b2ccc826,aaaaaaa4-aaaa-aaaa-aaaa-aaaaaaaaaaa4
4a4540f8-c4e2-494b-8c5d-20e089dd80a7,aaaaaaa1-aaaa-aaaa-aaaa-aaaaaaaaaaa1
4a4540f8-c4e2-494b-8c5d-20e089dd80a7,aaaaaaa3-aaaa-aaaa-aaaa-aaaaaaaaaaa3
cd15d627-129d-495a-b29e-916e51c1b02b,aaaaaaa2-aaaa-aaaa-aaaa-aaaaaaaaaaa2
d2d6bc52-eac2-4cf8-8ee9-724b0da2b663,aaaaaaa1-aaaa-aaaa-aaaa-aaaaaaaaaaa1
d2d6bc52-eac2-4cf8-8ee9-724b0da2b663,aaaaaaa2-aaaa-aaaa-aaaa-aaaaaaaaaaa2
d2d6bc52-eac2-4cf8-8ee9-724b0da2b663,aaaaaaa4-aaaa-aaaa-aaaa-aaaaaaaaaaa4
0482ee56-0033-4e32-ac91-6a2b42517493,aaaaaaa3-aaaa-aaaa-aaaa-aaaaaaaaaaa3
d1bcbc53-9c26-4c2d-a36c-01c77f4a342b,aaaaaaa1-aaaa-aaaa-aaaa-aaaaaaaaaaa1
36ba2ea4-88eb-4c1c-b692-a52c0b854d5f,aaaaaaa2-aaaa-aaaa-aaaa-aaaaaaaaaaa2
36ba2ea4-88eb-4c1c-b692-a52c0b854d5f,aaaaaaa3-aaaa-aaaa-aaaa-aaaaaaaaaaa3
36ba2ea4-88eb-4c1c-b692-a52c0b854d5f,aaaaaaa4-aaaa-aaaa-aaaa-aaaaaaaaaaa4
5dfa3d8f-9c09-4536-ae98-42c7a77e135b,aaaaaaa1-aaaa-aaaa-aaaa-aaaaaaaaaaa1
5dfa3d8f-9c09-4536-ae98-42c7a77e135b,aaaaaaa3-aaaa-aaaa-aaaa-aaaaaaaaaaa3
6b8b4a27-0b23-49c5-b4bd-ee6da1cf44b1,aaaaaaa2-aaaa-aaaa-aaaa-aaaaaaaaaaa2
2b68280b-fefe-485f-b8c9-3b072f810497,aaaaaaa1-aaaa-aaaa-aaaa-aaaaaaaaaaa1
2b68280b-fefe-485f-b8c9-3b072f810497,aaaaaaa2-aaaa-aaaa-aaaa-aaaaaaaaaaa2
2b68280b-fefe-485f-b8c9-3b072f810497,aaaaaaa4-aaaa-aaaa-aaaa-aaaaaaaaaaa4
31b2b495-0636-4d1f-abaa-d475690ae1e7,aaaaaaa3-aaaa-aaaa-aaaa-aaaaaaaaaaa3
2d2bf1a4-328f-4d07-ab3b-31f132cda064,aaaaaaa1-aaaa-aaaa-aaaa-aaaaaaaaaaa1
11bff092-5647-40b2-a7f2-910681021b86,aaaaaaa2-aaaa-aaaa-aaaa-aaaaaaaaaaa2
11bff092-5647-40b2-a7f2-910681021b86,aaaaaaa3-aaaa-aaaa-aaaa-aaaaaaaaaaa3
11bff092-5647-40b2-a7f2-910681021b86,aaaaaaa4-aaaa-aaaa-aaaa-aaaaaaaaaaa4
66a4cb50-bac0-4111-86ff-8e44cd31895d,aaaaaaa1-aaaa-aaaa-aaaa-aaaaaaaaaaa1
66a4cb50-bac0-4111-86ff-8e44cd31895d,aaaaaaa3-aaaa-aaaa-aaaa-aaaaaaaaaaa3
6a2d7078-9a5f-4a30-a134-52c7364d430b,aaaaaaa2-aaaa-aaaa-aaaa-aaaaaaaaaaa2
c04a50e2-03c5-42cd-9711-3e4ebe17ce50,aaaaaaa1-aaaa-aaaa-aaaa-aaaaaaaaaaa1
c04a50e2-03c5-42cd-9711-3e4ebe17ce50,aaaaaaa2-aaaa-aaaa-aaaa-aaaaaaaaaaa2
c04a50e2-03c5-42cd-9711-3e4ebe17ce50,aaaaaaa4-aaaa-aaaa-aaaa-aaaaaaaaaaa4
49d9edd1-e935-4250-94e3-e641e7ff3b57,aaaaaaa3-aaaa-aaaa-aaaa-aaaaaaaaaaa3
063192db-73d1-4415-9a39-e54c3bc65aa5,aaaaaaa1-aaaa-aaaa-aaaa-aaaaaaaaaaa1
08aedac3-aec1-4e70-99ba-61c520e4c0dc,aaaaaaa2-aaaa-aaaa-aaaa-aaaaaaaaaaa2
08aedac3-aec1-4e70-99ba-61c520e4c0dc,aaaaaaa3-aaaa-aaaa-aaaa-aaaaaaaaaaa3
08aedac3-aec1-4e70-99ba-61c520e4c0dc,aaaaaaa4-aaaa-aaaa-aaaa-aaaaaaaaaaa4
916b10f6-5e36-4a19-b5b5-aad7f7caaa7c,aaaaaaa1-aaaa-aaaa-aaaa-aaaaaaaaaaa1
916b10f6-5e36-4a19-b5b5-aad7f7caaa7c,aaaaaaa3-aaaa-aaaa-aaaa-aaaaaaaaaaa3
b61c67de-9ff6-41d1-9dc2-5a8fea0e120c,aaaaaaa2-aaaa-aaaa-aaaa-aaaaaaaaaaa2
4a4c736f-9809-4076-bd87-194fc595eb44,aaaaaaa1-aaaa-aaaa-aaaa-aaaaaaaaaaa1
4a4c736f-9809-4076-bd87-194fc595eb44,aaaaaaa2-aaaa-aaaa-aaaa-aaaaaaaaaaa2
4a4c736f-9809-4076-bd87-194fc595eb44,aaaaaaa4-aaaa-aaaa-aaaa-aaaaaaaaaaa4
34e84248-1170-4d91-9ad5-d20db7ebd881,aaaaaaa3-aaaa-aaaa-aaaa-aaaaaaaaaaa3
26abc414-4774-4a33-bd24-165a3c320ee9,aaaaaaa1-aaaa-aaaa-aaaa-aaaaaaaaaaa1
435df210-788b-4051-b619-6b8df37b0f76,aaaaaaa2-aaaa-aaaa-aaaa-aaaaaaaaaaa2
435df210-788b-4051-b619-6b8df37b0f76,aaaaaaa3-aaaa-aaaa-aaaa-aaaaaaaaaaa3
435df210-788b-4051-b619-6b8df37b0f76,aaaaaaa4-aaaa-aaaa-aaaa-aaaaaaaaaaa4
e26b64d7-d863-4efb-8fcc-915f9d4eb374,aaaaaaa1-aaaa-aaaa-aaaa-aaaaaaaaaaa1
e26b64d7-d863-4efb-8fcc-915f9d4eb374,aaaaaaa3-aaaa-aaaa-aaaa-aaaaaaaaaaa3
662b3401-313c-4ec4-b221-27b95eed9940,aaaaaaa2-aaaa-aaaa-aaaa-aaaaaaaaaaa2
9ebc0cb2-b2b8-47e3-8cb8-e4665c969405,aaaaaaa1-aaaa-aaaa-aaaa-aaaaaaaaaaa1
9ebc0cb2-b2b8-47e3-8cb8-e4665c969405,aaaaaaa2-aaaa-aaaa-aaaa-aaaaaaaaaaa2
9ebc0cb2-b2b8-47e3-8cb8-e4665c969405,aaaaaaa4-aaaa-aaaa-aaaa-aaaaaaaaaaa4
1f7f0c93-e725-4a3a-92f0-fdf340d48db4,aaaaaaa3-aaaa-aaaa-aaaa-aaaaaaaaaaa3
77b7e080-f020-438e-a5e9-d86c53557450,aaaaaaa1-aaaa-aaaa-aaaa-aaaaaaaaaaa1
7669b32b-d755-411e-afb3-bd84ff6d495c,aaaaaaa2-aaaa-aaaa-aaaa-aaaaaaaaaaa2
7669b32b-d755-411e-afb3-bd84ff6d495c,aaaaaaa3-aaaa-aaaa-aaaa-aaaaaaaaaaa3
7669b32b-d755-411e-afb3-bd84ff6d495c,aaaaaaa4-aaaa-aaaa-aaaa-aaaaaaaaaaa4
6a7cb801-5863-4c0b-9adb-58e222d39cf0,aaaaaaa1-aaaa-aaaa-aaaa-aaaaaaaaaaa1
6a7cb801-5863-4c0b-9adb-58e222d39cf0,aaaaaaa3-aaaa-aaaa-aaaa-aaaaaaaaaaa3
782adcc3-a57f-4dd5-ba99-c1572af2f419,aaaaaaa2-aaaa-aaaa-aaaa-aaaaaaaaaaa2
dc7a7034-c0e5-4f69-b72d-a1e18e84d7bd,aaaaaaa1-aaaa-aaaa-aaaa-aaaaaaaaaaa1
dc7a7034-c0e5-4f69-b72d-a1e18e84d7bd,aaaaaaa2-aaaa-aaaa-aaaa-aaaaaaaaaaa2
dc7a7034-c0e5-4f69-b72d-a1e18e84d7bd,aaaaaaa4-aaaa-aaaa-aaaa-aaaaaaaaaaa4
66c18100-8c17-4e63-b858-fc3df20b42c0,aaaaaaa3-aaaa-aaaa-aaaa-aaaaaaaaaaa3
2f8ac1bd-fe88-4653-9e19-6c92c88bfb0e,aaaaaaa1-aaaa-aaaa-aaaa-aaaaaaaaaaa1
1b99194a-3569-4033-87a6-0a8a76dbe7ed,aaaaaaa2-aaaa-aaaa-aaaa-aaaaaaaaaaa2
1b99194a-3569-4033-87a6-0a8a76dbe7ed,aaaaaaa3-aaaa-aaaa-aaaa-aaaaaaaaaaa3
1b99194a-3569-4033-87a6-0a8a76dbe7ed,aaaaaaa4-aaaa-aaaa-aaaa-aaaaaaaaaaa4
a87b53de-ef58-4184-a776-5335170d723a,aaaaaaa1-aaaa-aaaa-aaaa-aaaaaaaaaaa1
a87b53de-ef58-4184-a776-5335170d723a,aaaaaaa3-aaaa-aaaa-aaaa-aaaaaaaaaaa3
2c7c1574-f979-41d8-b923-49a5af776a7a,aaaaaaa2-aaaa-aaaa-aaaa-aaaaaaaaaaa2
07067041-1162-45f1-aecc-0c132ab1315a,aaaaaaa1-aaaa-aaaa-aaaa-aaaaaaaaaaa1
07067041-1162-45f1-aecc-0c132ab1315a,aaaaaaa2-aaaa-aaaa-aaaa-aaaaaaaaaaa2
07067041-1162-45f1-aecc-0c132ab1315a,aaaaaaa4-aaaa-aaaa-aaaa-aaaaaaaaaaa4
35a78741-3055-4891-a887-de5851ff1dab,aaaaaaa3-aaaa-aaaa-aaaa-aaaaaaaaaaa3
3fd4adfd-49b9-4e2c-82d2-bac7829c195a,aaaaaaa1-aaaa-aaaa-aaaa-aaaaaaaaaaa1
8611b3d4-cb6b-4041-a55f-1ed033125ac3,aaaaaaa2-aaaa-aaaa-aaaa-aaaaaaaaaaa2
8611b3d4-cb6b-4041-a55f-1ed033125ac3,aaaaaaa3-aaaa-aaaa-aaaa-aaaaaaaaaaa3
8611b3d4-cb6b-4041-a55f-1ed033125ac3,aaaaaaa4-aaaa-aaaa-aaaa-aaaaaaaaaaa4
a33f7fc4-5528-40c6-8fc3-1020978b2183,aaaaaaa1-aaaa-aaaa-aaaa-aaaaaaaaaaa1
a33f7fc4-5528-40c6-8fc3-1020978b2183,aaaaaaa3-aaaa-aaaa-aaaa-aaaaaaaaaaa3
27212946-6c1e-4054-8537-76275fa5c7a5,aaaaaaa2-aaaa-aaaa-aaaa-aaaaaaaaaaa2
236c3381-4073-4ff6-95d2-09e3810f4868,aaaaaaa1-aaaa-aaaa-aaaa-aaaaaaaaaaa1
236c3381-4073-4ff6-95d2-09e3810f4868,aaaaaaa2-aaaa-aaaa-aaaa-aaaaaaaaaaa2
236c3381-4073-4ff6-95d2-09e3810f4868,aaaaaaa4-aaaa-aaaa-aaaa-aaaaaaaaaaa4