aodonovan0,rV6?SW.$23Vb)H,Alonzo,O'Donovan,aodonovan0@bizjournals.com
rshenton1,tE6@CF53kOdUi,Roana,Shenton,rshenton1@dropbox.com
rdolohunty2,aR1|n~Cg>CgYg}>v,Randolf,Dolohunty,rdolohunty2@edublogs.org
etanzer3,qI6/#LexY,Eolanda,Tanzer,etanzer3@digg.com
tlowsely4,mH5~%JWp%0q$#h0,Torrey,Lowsely,tlowsely4@list-manage.com
obroxap5,"jX1}SeQ=""EI",Ozzy,Broxap,obroxap5@wordpress.com
nmansion6,gY4@Hqiv1V,Nickey,Mansion,nmansion6@wp.com
sgalbraeth7,cP7_OVVpsr&}D&S,Sonya,Galbraeth,sgalbraeth7@wikipedia.org
jpencost8,iF6=*!R4(K,Janaye,Pencost,jpencost8@hatena.ne.jp
ethurner9,"zQ9(uZ2rX5,",Ephraim,Thurner,ethurner9@google.ru
ashiresa,wG2|#X)K\,Artur,Shires,ashiresa@vkontakte.ru
sleggattb,gI6_L1|aU~@M1V,Sven,Leggatt,sleggattb@comsenz.com
mdresselc,"jK8_prsKy~f""%",Martynne,Dressel,mdresselc@go.com
pdaulbyd,rB5#mJhGBDGnu,Phil,D'Aulby,pdaulbyd@aboutads.info
jmartlande,eZ6%uq#C)WGJB,Jeffry,Martland,jmartlande@wikispaces.com
sallicockf,nC5*upvk4WACsSbm,Stafford,Allicock,sallicockf@wordpress.org
dbewshireg,rF7@_0xYgq?uQ,Dorolice,Bewshire,dbewshireg@fc2.com
lhaylerh,yF2$9yd$/I,Lida,Hayler,lhaylerh@smh.com.au
swildsi,pP3}_'h='%=q`Jq,Shawn,Wilds,swildsi@wix.com
tcuestaj,gM0\0B9vG!|,Tonie,Cuesta,tcuestaj@unicef.org
akattek,oN9~kSNgz!>X9,Andrew,Katte,akattek@shinystat.com
bjeffreyl,uN9\ItVq|i3ZS16a,Bob,Jeffrey,bjeffreyl@techcrunch.com
rocanavanm,nH5|4}xl,Ronny,O'Canavan,rocanavanm@miitbeian.gov.cn
bmcglaughnn,iG5$|x8Ksa3X@,Beverly,McGlaughn,bmcglaughnn@ftc.gov
sfarrimondo,aS1/3+FOGJ*Akm,Shantee,Farrimond,sfarrimondo@netlog.com
nblesingp,yO3*lJ&RXV3fsmg4,Natasha,Blesing,nblesingp@blogs.com
sguppyq,pG2'2xd}bs.>)B,Sena,Guppy,sguppyq@163.com
bnessr,iK0`uk3/S,Benedict,Ness,bnessr@dailymotion.com
ntohills,aG1$%9Y6C_2|BE,Nero,Tohill,ntohills@berkeley.edu
rdomegant,vP7?<#<&CP=,Rosalinde,Domegan,rdomegant@lulu.com
cknowltonu,"oU1\l)n3P_G=/#,_",Chucho,Knowlton,cknowltonu@csmonitor.com
dbrancav,sK1/D(8ZX!3g!/,Debee,Branca,dbrancav@goo.gl
mgrichukhanovw,pS7)#~ip_k=,Mariquilla,Grichukhanov,mgrichukhanovw@hao123.com
ngrecex,"sJ8/}`""T8",Nikos,Grece,ngrecex@unesco.org
ecovottoy,"cJ6<M#|""",Esme,Covotto,ecovottoy@list-manage.com
vmournianz,jW3+Ra./m|ri`>x,Vaclav,Mournian,vmournianz@arizona.edu
elarkcum10,qT1/=SAPf(,Edyth,Larkcum,elarkcum10@wisc.edu
owoolstenholmes11,"lM1,d0i+u4UMs'x",Olivie,Woolstenholmes,owoolstenholmes11@51.la
rlarchiere12,kG5>$#A?V%l8+E*/,Rocky,Larchiere,rlarchiere12@livejournal.com
hwhates13,zM1\G}}De8pwl,Harrison,Whates,hwhates13@mashable.com
cdolling14,tW9|w0da3,Cathrine,Dolling,cdolling14@amazon.co.uk
noxberry15,dO3>g~ojcAk(T1!M,Nolie,Oxberry,noxberry15@usa.gov
jwhether16,mK8/iVyo=kKbgK&*,Julie,Whether,jwhether16@epa.gov
dscartifield17,tJ6=Gv*bih(r,Dorothea,Scartifield,dscartifield17@meetup.com
pgilding18,oM4/P|e=v(,Pammie,Gilding,pgilding18@nationalgeographic.com
weunson19,nG7+9`(UBu|}{*e,Wendel,Eunson,weunson19@cafepress.com
imokes1a,rL5{K7YIp8,Irving,Mokes,imokes1a@parallels.com
frobard1b,hQ2>'#brB`*g=@aS,Ferne,Robard,frobard1b@unblog.fr
rroux1c,"rD1*""tkX=s.""",Roxane,Roux,rroux1c@linkedin.com
jweaver1d,iZ1{%eF6<9v{_UG,Jerri,Weaver,jweaver1d@moonfruit.com
gsales1e,dW2(CPVCYqP,Goldy,Sales,gsales1e@163.com
cteal1f,yH4(g|&pRVw|,Chauncey,Teal,cteal1f@chicagotribune.com
dmccurdy1g,rT4*R.0+=jF5,Derron,McCurdy,dmccurdy1g@webmd.com
kgaven1h,wM6$%\g1zgSP0,Kerrie,Gaven,kgaven1h@wired.com
dgages1i,bL6_FBN',Darill,Gages,dgages1i@nps.gov
lllewellin1j,xN0&}QJXiqwem=j3,Lesly,Llewellin,lllewellin1j@scribd.com
wdudgeon1k,nL7?PsncV8_,Wilfrid,Dudgeon,wdudgeon1k@census.gov
gwillbraham1l,cV7<Hfxh()QB,Gert,Willbraham,gwillbraham1l@lulu.com
dquinane1m,aM9\iNa|Z>XL9,Danette,Quinane,dquinane1m@nsw.gov.au
mmeckiff1n,rU4'8HoFopGhO+6,Myrtice,Meckiff,mmeckiff1n@ifeng.com
dcheccucci1o,gM7~o{gGt\Dmy9,Devin,Checcucci,dcheccucci1o@hexun.com
amacentee1p,"jP6%{Yc3""<*Zh?<t",Annetta,MacEntee,amacentee1p@huffingtonpost.com
jdreschler1q,iR8{4q%|>YA/ZG,Jimmie,Dreschler,jdreschler1q@google.de
lelleyne1r,wZ7!})WweZTDdL,Luz,Elleyne,lelleyne1r@springer.com
nspottiswood1s,bA7<Exq8'~,Nefen,Spottiswood,nspottiswood1s@linkedin.com
smolloy1t,"cQ7\""}t6cUY1yzJJ",Sutton,Molloy,smolloy1t@si.edu
ikimbley1u,"gP7$aZc,""&",Ingeborg,Kimbley,ikimbley1u@chicagotribune.com
tmuat1v,wZ6.WFXAJi,Tedmund,Muat,tmuat1v@blogs.com
ahatje1w,iY3\P>Y#_7W@6D*,Ardra,Hatje,ahatje1w@woothemes.com
lsecretan1x,tZ7|SNRFj,Linette,Secretan,lsecretan1x@usatoday.com
kgosney1y,eA4%/1O5_5\f,Karia,Gosney,kgosney1y@fc2.com
erominov1z,"sN0,l<~u",Edita,Rominov,erominov1z@163.com
kblondell20,"mU7_LKp6,?Wht",Knox,Blondell,kblondell20@digg.com
oschermick21,tY2>MF==p/9,Oralia,Schermick,oschermick21@paginegialle.it
hgoligly22,zE1>Ub!p_Xj6u,Henderson,Goligly,hgoligly22@nasa.gov
smumby23,yP1$>d1spg,Shawn,Mumby,smumby23@gov.uk
lrennie24,vQ6!M*ech%rHse#,Lolly,Rennie,lrennie24@census.gov
gairey25,eG5\ni}BSq#,Genvieve,Airey,gairey25@github.io
mtuddenham26,qU1$xmYUL#v{,Margo,Tuddenham,mtuddenham26@blogtalkradio.com
oubsdell27,nT3)n(4s`D_x#k/F,Onfre,Ubsdell,oubsdell27@nasa.gov
ndenning28,aJ2(&={kIYp.#,Nadiya,Denning,ndenning28@prlog.org
lgillcrist29,aJ6\hY9OZpbLa>M,Lay,Gillcrist,lgillcrist29@ucla.edu
djuarez2a,xL7@RKBTmy,Dayle,Juarez,djuarez2a@w3.org
oboni2b,vI7/DTPf,Otha,Boni,oboni2b@ft.com
cedghinn2c,"dP1""BXpCUHtC/~",Con,Edghinn,cedghinn2c@multiply.com
nhooban2d,uM3@f.%wR,Nobie,Hooban,nhooban2d@comcast.net
fbangs2e,eT9`PEU),Fayina,Bangs,fbangs2e@soundcloud.com
hmaytom2f,vT3{!=PR}g$K,Harley,Maytom,hmaytom2f@discuz.net
icrystal2g,sR1'#v56$y,Ileane,Crystal,icrystal2g@eventbrite.com
sharragin2h,bW3(B||0,Stanislas,Harragin,sharragin2h@ftc.gov
efeltham2i,"bV5,tWZa",Eada,Feltham,efeltham2i@4shared.com
kdorrance2j,wR2$<(/ZrA~)S,Karyl,Dorrance,kdorrance2j@go.com
nschollar2k,wA1<jNy179nt_Hub,Nathalie,Schollar,nschollar2k@nps.gov
phehl2l,"qT9""9PdGL8",Penelopa,Hehl,phehl2l@instagram.com
ffuller2m,"qM0>)fS,7!U",Fransisco,Fuller,ffuller2m@sfgate.com
fhaysar2n,gY0\kV=b,Faina,Haysar,fhaysar2n@sbwire.com
vhiddersley2o,vN0&QsdSB&ZOJ,Verene,Hiddersley,vhiddersley2o@mlb.com
ucolleer2p,"hJ9,cL""`+",Ulises,Colleer,ucolleer2p@businesswire.com
dritson2q,mM5#g.CHkcO,Danya,Ritson,dritson2q@jalbum.net
gcurgenven2r,sS4.)oKB}2Y,Gery,Curgenven,gcurgenven2r@usatoday.com
fbilbee2s,qA8*P=&|ObDL,Floria,Bilbee,fbilbee2s@wsj.com
kjoul2t,qU5<PD#LHP3s<{jJ,Katrinka,Joul,kjoul2t@ezinearticles.com
frevington2u,mU8=ktt2vtdYJI,Finn,Revington,frevington2u@nhs.uk
eassiter2v,"hU3>18lM>,p""KJi",Engelbert,Assiter,eassiter2v@mac.com
nriepel2w,"fU5!QDbx@""q83$",Niki,Riepel,nriepel2w@jugem.jp
kaubury2x,"jS1'F/k_Htd,8MYQ",Kristen,Aubury,kaubury2x@1und1.de
flakes2y,wN3.@ZFyId+.n$,Fidole,Lakes,flakes2y@ow.ly
jgullick2z,oV2+Yn\A3.?,Johnnie,Gullick,jgullick2z@goo.gl
zgellett30,tK2=i|rexNb<,Zena,Gellett,zgellett30@creativecommons.org
jmissenden31,iV8}8kzQ#c>P>Izk,Jess,Missenden,jmissenden31@dell.com
mevangelinos32,"aZ8""/>KyIH",Marijo,Evangelinos,mevangelinos32@telegraph.co.uk
arostern33,sJ5&8KL#A.(ucHWH,Alden,Rostern,arostern33@bloglines.com
rarp34,dC9~llrR,Richardo,Arp,rarp34@lycos.com
ecawthera35,"yI5,d3.5kw~<TD)u",Eunice,Cawthera,ecawthera35@artisteer.com
afarrants36,hQ1\*i0#wbx+1E3R,Ansel,Farrants,afarrants36@japanpost.jp
dsember37,hH9?SDOpS@H?y.p7,Dotty,Sember,dsember37@intel.com
rcocher38,"vA8,/Dq%.x7>B",Remy,Cocher,rcocher38@dedecms.com
gswanborrow39,iO2<S#u91QS,Gayelord,Swanborrow,gswanborrow39@spotify.com
hhellwich3a,mH6&I4w=.Shm,Hortensia,Hellwich,hhellwich3a@paypal.com
jhackett3b,zC2_@UeZ,Johnath,Hackett,jhackett3b@baidu.com
gvenables3c,tP3*&xmhruP6,Grete,Venables,gvenables3c@cbc.ca
gdarco3d,"yB8\""N\w*n>",Garrett,Darco,gdarco3d@themeforest.net
mbrampton3e,"yX1?\'5""",Morse,Brampton,mbrampton3e@narod.ru
gkondrat3f,yU6$gun1N,Graeme,Kondrat,gkondrat3f@slate.com
rhurst3g,eX0/GEj&ZR2co,Roxanna,Hurst,rhurst3g@mlb.com
lsrutton3h,oB3<8eLb{r2h*6,Lewie,Srutton,lsrutton3h@canalblog.com
mridett3i,nQ1*jCB2T,Myrvyn,Ridett,mridett3i@craigslist.org
omagnar3j,iJ5|2\SiV{8)o28,Opal,Magnar,omagnar3j@g.co
oyeoland3k,"yH7\%&4,S&",Osborne,Yeoland,oyeoland3k@ycombinator.com
bgirke3l,"vC2""XrnN8?a*O",Bernete,Girke,bgirke3l@guardian.co.uk
szuppa3m,yE5$Zy?~2>,Stafford,Zuppa,szuppa3m@google.com
cfine3n,yS2>BUT8|'2,Cordie,Fine,cfine3n@arizona.edu
kbrunone3o,jV9=Rpzxac3>dH.,Kelila,Brunone,kbrunone3o@wisc.edu
fmckiernan3p,kV2==(=gL#A,Fayre,McKiernan,fmckiernan3p@adobe.com
mmatushenko3q,bI9*UCw3uR?|f,Maressa,Matushenko,mmatushenko3q@is.gd
akunisch3r,"jK1+6""F16mi",Adolpho,Kunisch,akunisch3r@nature.com
mstobo3s,"hG0|Vb,sr",Marlin,Stobo,mstobo3s@g.co
lbyrch3t,mP7!a$=Kwd/p,Ludovico,Byrch,lbyrch3t@mail.ru
nborrie3u,"zV9#.""f1,",Noah,Borrie,nborrie3u@forbes.com
kwilliamson3v,oS9_G!N!KRG,Kitty,Williamson,kwilliamson3v@chronoengine.com
rtasch3w,rZ5=Ily&L?!dAQ,Roddie,Tasch,rtasch3w@hugedomains.com
bdeathridge3x,vV0%32`dKkM,Babita,Deathridge,bdeathridge3x@shutterfly.com
clacky3y,iE2&'as/g*%F{d1,Cami,Lacky,clacky3y@purevolume.com
tchanders3z,hX7>9q~uo7c,Tarrah,Chanders,tchanders3z@dailymail.co.uk
gfante40,tF3.e3ivgF=,Gabriellia,Fante,gfante40@ihg.com
ltadman41,"iQ7,zaePl?rl""""L",Luke,Tadman,ltadman41@ebay.co.uk
wnajara42,cZ8|zz8@<pkOGy,Wittie,Najara,wnajara42@meetup.com
agaukroger43,aW7|3b3X#7,Alvinia,Gaukroger,agaukroger43@skyrock.com
aodell44,"eZ9\2?tM.2xf""U",Alvan,O'dell,aodell44@prlog.org
alovart45,jW3)$Vc>iH|}((,Aguie,Lovart,alovart45@tuttocitta.it
shuthart46,pR6/gop?N)vQ0bKS,Silas,Huthart,shuthart46@google.ru
tquoit47,"uJ2,8/3#g",Thorpe,Quoit,tquoit47@indiatimes.com
ctrubshaw48,sS4?P*EN,Cris,Trubshaw,ctrubshaw48@hexun.com
adowle49,pS6>@>Wc,Adolpho,Dowle,adowle49@constantcontact.com
omcmennum4a,rJ5}rTUh,Osbert,McMennum,omcmennum4a@chicagotribune.com
agrigoroni4b,pU0@)AHKn,Alexis,Grigoroni,agrigoroni4b@seattletimes.com
hparken4c,xZ2'}*N?{11c1,Hermie,Parken,hparken4c@usgs.gov
jboundy4d,rB9|I9W86z,Jeth,Boundy,jboundy4d@census.gov
erentz4e,hD1&1|qk,Elden,Rentz,erentz4e@google.pl
lchadbourne4f,uG4(GDTbw,Leone,Chadbourne,lchadbourne4f@lulu.com
hleckie4g,nU2$r#X\2LRNS.,Hersh,Leckie,hleckie4g@hugedomains.com
pbonsall4h,hH8|\?fr\p(,Perla,Bonsall,pbonsall4h@artisteer.com
lpearsey4i,bS2|}reGDE,Lillis,Pearsey,lpearsey4i@statcounter.com
aabrahart4j,lN2@RnTXi<Z?`U,Adriano,Abrahart,aabrahart4j@geocities.jp
bloddy4k,rO0_M6vg4}MtDiN,Beniamino,Loddy,bloddy4k@istockphoto.com
mpalmby4l,uC9){)pY49QB|,Moria,Palmby,mpalmby4l@github.com
codriscoll4m,cK9(s>?z`C/$ICl,Christye,O' Driscoll,codriscoll4m@ucoz.com
crickarsey4n,mO9?Ni}6FeMm+,Charissa,Rickarsey,crickarsey4n@intel.com
uiapico4o,pH5?T{Z3k),Ulysses,Iapico,uiapico4o@surveymonkey.com
raugar4p,bW8'$&S|IO8o,Rod,Augar,raugar4p@slideshare.net
cchettle4q,vZ0`PM5?F,Caye,Chettle,cchettle4q@topsy.com
adennert4r,dN1`f9!q>F,Annnora,Dennert,adennert4r@marketwatch.com
tmowlam4s,tP8{N2hzB9=b3,Truda,Mowlam,tmowlam4s@pinterest.com
abardnam4t,"oZ1_#{m""FbT",Arabella,Bardnam,abardnam4t@is.gd
emidford4u,rY6)d3U70&Pb,Ermina,Midford,emidford4u@vkontakte.ru
kberinger4v,lC7#!avZd0D),Kali,Beringer,kberinger4v@aboutads.info
ogorrick4w,"kP3@""*/1+nE@E",Octavius,Gorrick,ogorrick4w@geocities.jp
skivlehan4x,"yE8""L}5LPdE<",Susanetta,Kivlehan,skivlehan4x@jalbum.net
pwoolfall4y,iC7{x)V17$#,Parnell,Woolfall,pwoolfall4y@deviantart.com
brapier4z,tB9!QC0$\/G,Beale,Rapier,brapier4z@buzzfeed.com
telliman50,bL0~cdNhRm@9D,Timmi,Elliman,telliman50@cafepress.com
mlush51,aZ1`=?Teo=i@,Madelena,Lush,mlush51@mediafire.com
ccootes52,bP0#uqCC&K<15.3,Christie,Cootes,ccootes52@51.la
msturzaker53,iC0<iW8oNOm,Maurizio,Sturzaker,msturzaker53@skyrock.com
wpree54,cX8+Uc_uQ|'=v,Waneta,Pree,wpree54@bloomberg.com
abrotherhead55,yX4>tBQ_~lNt,Annetta,Brotherhead,abrotherhead55@artisteer.com
jphilpott56,"tB8+zzL9.%lH3d,P",Joseph,Philpott,jphilpott56@artisteer.com
wrosenvasser57,"qJ5+~X=,!",Warden,Rosenvasser,wrosenvasser57@nasa.gov
mraigatt58,nH3+At8mQd@}q,Merrile,Raigatt,mraigatt58@goo.gl
lgoncalo59,kH5_qssIsc9oLf,Lilas,Goncalo,lgoncalo59@typepad.com
csymmons5a,pD9`Xi2=,Cammy,Symmons,csymmons5a@netscape.com
kmalden5b,hR3}TYH{4UI|/,Klement,Malden,kmalden5b@msu.edu
tsatchell5c,yE5(|/Y$+,Tomlin,Satchell,tsatchell5c@weather.com
ccicculini5d,cZ9/nxM+/7'!,Cecily,Cicculini,ccicculini5d@nymag.com
dpowling5e,"yV5@1I!PNY{'KF""i",Dedra,Powling,dpowling5e@multiply.com
llanghor5f,vZ3<osE<W,Larissa,Langhor,llanghor5f@goo.ne.jp
mpannaman5g,fA8*bXel,Markus,Pannaman,mpannaman5g@comcast.net
sbiggans5h,pF2<s(Ww<_nep,Sharona,Biggans,sbiggans5h@posterous.com
rmalyan5i,jP0>iOG@,Ranna,Malyan,rmalyan5i@harvard.edu
nalbin5j,kA3}ZmYmm)h7x,Nani,Albin,nalbin5j@goo.gl
lphillipps5k,eA6`&.?V0_,Lauralee,Phillipps,lphillipps5k@nationalgeographic.com
mkitchinghan5l,mL8=Y?VweS&w|H,Matty,Kitchinghan,mkitchinghan5l@aboutads.info
zgillingwater5m,tY1){FIy,Zora,Gillingwater,zgillingwater5m@free.fr
nmerlin5n,gI1!d<%E!n,Nobe,Merlin,nmerlin5n@apple.com
hscorah5o,gS9`W|<nrcR\|,Huntley,Scorah,hscorah5o@mlb.com
lcastro5p,"wQ6~vB3,xUj",Lyon,Castro,lcastro5p@pagesperso-orange.fr
hmcairt5q,"oI7@lfdI""ve4}",Hally,McAirt,hmcairt5q@yahoo.co.jp
ogoodlatt5r,nS2*LX\7w7kA0kj,Osbourn,Goodlatt,ogoodlatt5r@earthlink.net
vsiddens5s,lT0(ICmuE0`K,Vern,Siddens,vsiddens5s@parallels.com
vmacneil5t,qO9{Ya\~u/km'8_w,Vaclav,MacNeil,vmacneil5t@ox.ac.uk
slongbothom5u,eO5`V\(a,Sly,Longbothom,slongbothom5u@symantec.com
areddick5v,iA3&=*0|Q,Ardyth,Reddick,areddick5v@eventbrite.com
mralston5w,"gU9,""fSHBXCk${v",Milissent,Ralston,mralston5w@about.me
tprosh5x,hK9(b<DXd.m,Tersina,Prosh,tprosh5x@prlog.org
yferrandez5y,jD0?4gceFW',Yovonnda,Ferrandez,yferrandez5y@godaddy.com
mbernli5z,eP2+W3D{4{Z~4XX,Maris,Bernli,mbernli5z@people.com.cn
bblay60,"uY9+9PV=&,!u",Billi,Blay,bblay60@ebay.com
jcicchetto61,wP3@w9gnMv!IR0,Jenna,Cicchetto,jcicchetto61@marriott.com
gmcgooch62,jV9=E%o1`f`ztF,Ginnie,McGooch,gmcgooch62@123-reg.co.uk
jdavidson63,nI5+AN2#\N_y$WHR,Jilly,Davidson,jdavidson63@icq.com
ageldart64,kK5#tR#7,Alika,Geldart,ageldart64@e-recht24.de
epietrasik65,"rZ1<gWz!""QYQ{F.",Elijah,Pietrasik,epietrasik65@nsw.gov.au
mkopacek66,tZ0=E58Z',Man,Kopacek,mkopacek66@sphinn.com
fmantripp67,wA9.l0C@Zm,Francoise,Mantripp,fmantripp67@hubpages.com
cmatskiv68,aV8!K'j~NP8E,Colleen,Matskiv,cmatskiv68@blogs.com
cmaryon69,nT4&(p0%dcSgtS_,Claudie,Maryon,cmaryon69@themeforest.net
cmachon6a,cW2|(c'vo6zWl~H8,Ciel,Machon,cmachon6a@kickstarter.com
lgallienne6b,bN8=yketi\gy,Latrina,Gallienne,lgallienne6b@ebay.com
svonderempten6c,"yI2,(7'f<B&%eH",Stevy,Von Der Empten,svonderempten6c@amazon.de
fgarratt6d,pN4%>8A{B/$J,Fraze,Garratt,fgarratt6d@scribd.com
gfrisby6e,"gG3<O'&m,Hv",Glyn,Frisby,gfrisby6e@loc.gov
cmedcalfe6f,uK3)9(&P{,Corinna,Medcalfe,cmedcalfe6f@sciencedaily.com
njarret6g,bE4'K`7BYWj,Natale,Jarret,njarret6g@ucla.edu
adodworth6h,gM3#>4V$=D1,Ashli,Dodworth,adodworth6h@so-net.ne.jp
dorleton6i,eX5$cW4H,Dieter,Orleton,dorleton6i@studiopress.com
rdover6j,lB5'hqF{'7H2zc!',Rickert,Dover,rdover6j@artisteer.com
mdymond6k,rT8$c|{rYZ/2`LM{,Madelle,Dymond,mdymond6k@wiley.com
cbettleson6l,pB7%mA9O,Chris,Bettleson,cbettleson6l@seesaa.net
jtrahear6m,rT0!?2Ov?<dGuoQ,Jordana,Trahear,jtrahear6m@usnews.com
cpinckney6n,kS8!tvWS=.lKJJ,Carlynn,Pinckney,cpinckney6n@ebay.co.uk
bletten6o,aM9.C90z&%u=,Brock,Letten,bletten6o@themeforest.net
tharkins6p,jP3|=A*\ZDi|/Z,Tootsie,Harkins,tharkins6p@technorati.com
cvenard6q,eS6<WM$RR)b,Chiarra,Venard,cvenard6q@imdb.com
wlouedey6r,"xS4,+E""O/HrW",Whittaker,Louedey,wlouedey6r@topsy.com
rclimance6s,zL9?o)+r*br0=#,Rey,Climance,rclimance6s@walmart.com
mdaud6t,jX9{sIeCCU,Magnum,Daud,mdaud6t@ed.gov
ttoe6u,"vE3?Gi2t?l""v9#d",Tisha,Toe,ttoe6u@geocities.jp
gjiggens6v,gM0{HcUT2!&/8iF@,Grover,Jiggens,gjiggens6v@ebay.co.uk
nfiddeman6w,jL2~K_<VY#(,Nikolos,Fiddeman,nfiddeman6w@amazon.com
bkornalik6x,"kK8`$*E!w""ReI",Bird,Kornalik,bkornalik6x@sitemeter.com
gfry6y,eT0(Nsm4e1aaMi?z,Gard,Fry,gfry6y@blog.com
cmcart6z,jZ9{o1h}z<oR,Camilla,McArt,cmcart6z@whitehouse.gov
cpullin70,"mF5{4.Y'Pnf6,Qd(",Cam,Pullin,cpullin70@bloglovin.com
ccisar71,"jR6!|#""gr*",Chadd,Cisar,ccisar71@pcworld.com
marnopp72,"xP2*,d9%5`D6",Morris,Arnopp,marnopp72@salon.com
amayers73,bO0.u)mPzbQjb|,Abeu,Mayers,amayers73@businessinsider.com
dwarren74,fV0)B77{,Devlin,Warren,dwarren74@whitehouse.gov
lrochelle75,"tE1\a}pseY""e$0",Leonelle,Rochelle,lrochelle75@bloglines.com
ksawrey76,kK1{0dlAhtr,Kyla,Sawrey,ksawrey76@opensource.org
smatyas77,hT1<kM+m.1v3}yME,Susana,Matyas,smatyas77@opera.com
ggipson78,eA2%KsbWHSl,Garold,Gipson,ggipson78@icq.com
kkester79,pR4.{GwMH,Kliment,Kester,kkester79@example.com
kkibbee7a,"pE9""PO""ca7",Kandy,Kibbee,kkibbee7a@goodreads.com
vcraft7b,pU1}&+ekttc'ld2,Vannie,Craft,vcraft7b@about.me
ggodfery7c,gC0\>!!@,Guillaume,Godfery,ggodfery7c@studiopress.com
dcastree7d,tB8.z*wX?B.,Durand,Castree,dcastree7d@live.com
bbengal7e,"tR9=_(N5(l)%,",Berni,Bengal,bbengal7e@friendfeed.com
sriccard7f,hR0${wD@QF{,Steffen,Riccard,sriccard7f@odnoklassniki.ru
vbucham7g,nL7!~+KR/aB1igY,Valencia,Bucham,vbucham7g@zimbio.com
lkingscote7h,uL6}OhQ/jQ,Lelia,Kingscote,lkingscote7h@indiatimes.com
chaswell7i,vF8$ZkJuh#L=tfbu,Carl,Haswell,chaswell7i@time.com
cpedlar7j,vC0~'9!`,Carma,Pedlar,cpedlar7j@mayoclinic.com
obolus7k,tW7|dLf3\s)u{l0,Orelie,Bolus,obolus7k@bloomberg.com
akief7l,rN9'ihY8'uy?h6LG,Ailyn,Kief,akief7l@ycombinator.com
zlockhart7m,gS1+988HE,Zandra,Lockhart,zlockhart7m@theguardian.com
moswald7n,dK2&CW70$S,Meris,Oswald,moswald7n@state.tx.us
fmonni7o,hV7/.%1u_)!m)o#,Florencia,Monni,fmonni7o@addthis.com
ppatrone7p,oL4'EAf`tzGoBD,Perkin,Patrone,ppatrone7p@alexa.com
lthibodeaux7q,rK9}O!p!jGxW,Leanora,Thibodeaux,lthibodeaux7q@narod.ru
cleifer7r,nS9(z&4V,Crissy,Leifer,cleifer7r@themeforest.net
ekillough7s,uG3>0WhRV1WTRjP,Elga,Killough,ekillough7s@com.com
ltidbald7t,cF6$f!aK1XYbU(,Lamond,Tidbald,ltidbald7t@geocities.jp
jmcginn7u,aB0<w/ySn{,Jenna,McGinn,jmcginn7u@uiuc.edu
ebroke7v,"sQ6&E`ktKo,8$7n%",Elsinore,Broke,ebroke7v@feedburner.com
hellesworthe7w,sS7=1m23~S2)`NjV,Hadlee,Ellesworthe,hellesworthe7w@instagram.com
lgoldstraw7x,dI2$=ylE**pWb\F,Leah,Goldstraw,lgoldstraw7x@oakley.com
lesilmon7y,"fS4?31,gm",Lorant,Esilmon,lesilmon7y@bloglovin.com
rmallan7z,aY7)mKwJHilU,Rani,Mallan,rmallan7z@uiuc.edu
cdani80,cP9!&!SP6mwVp5%q,Cosette,Dani,cdani80@trellian.com
chassewell81,zT9')q''2<A98tpd,Cacilia,Hassewell,chassewell81@walmart.com
bcowdrey82,nZ4%NJ=d9t,Betteann,Cowdrey,bcowdrey82@nih.gov
cgoodsall83,aG2|Us=o8BTpd,Caryn,Goodsall,cgoodsall83@wix.com
ygentil84,kU0.ak*DZqjw,Yoshi,Gentil,ygentil84@t.co
mklimes85,nT1(E|m||5KS,Marlee,Klimes,mklimes85@unesco.org
mbarge86,"qU9'rdsvi""I\Vn",Mavra,Barge,mbarge86@trellian.com
chartas87,hR0!6!FHs,Carleen,Hartas,chartas87@cnet.com
epeascod88,nO5!.27.Ljkq4Uz&,Earvin,Peascod,epeascod88@gizmodo.com
klotwich89,"aN2,ydO1&7",Kathie,Lotwich,klotwich89@taobao.com
hbinnell8a,"pC5|+U""""Qr9",Hollis,Binnell,hbinnell8a@goo.gl
cmazdon8b,qN0\q9L+,Cassi,Mazdon,cmazdon8b@360.cn
sreichelt8c,eX7)e}09*F,Simona,Reichelt,sreichelt8c@tamu.edu
cforten8d,"oO9,=HP2",Candie,Forten,cforten8d@nifty.com
crapier8e,jF3!>u'W,Christine,Rapier,crapier8e@amazon.co.jp
nvaldes8f,"qH8,P0!Y5s",Nissie,Valdes,nvaldes8f@lulu.com
tromanski8g,fK3`.KNWX_CJ~wkW,Todd,Romanski,tromanski8g@shutterfly.com
rmccullouch8h,aI6`=HHh/.AsV,Roderich,McCullouch,rmccullouch8h@ox.ac.uk
swestrip8i,eA7~N2AScPb5p~'j,Shoshanna,Westrip,swestrip8i@elegantthemes.com
cberrycloth8j,uF3#|!jZ#K,Chickie,Berrycloth,cberrycloth8j@storify.com
gcreany8k,bU0`+}wR*R76g`FY,Grazia,Creany,gcreany8k@phpbb.com
dsteffan8l,dO2>0pxdT15>`,Danit,Steffan,dsteffan8l@google.es
drontsch8m,wP7'_sP!\g)lDm7p,Dorene,Rontsch,drontsch8m@mapquest.com
rgye8n,"cH8,$F>cSuwKRH9",Randell,Gye,rgye8n@trellian.com
adukesbury8o,oL7<Fp/',Almeria,Dukesbury,adukesbury8o@google.it
ochoffin8p,sW4/|e4lP7l3,Olav,Choffin,ochoffin8p@washingtonpost.com
tstetlye8q,vN7%k)_h/1,Tessy,Stetlye,tstetlye8q@cloudflare.com
kbarwell8r,dF4_5rJZl9,Kenton,Barwell,kbarwell8r@qq.com
bfilipov8s,xP0/oBG0D=,Bea,Filipov,bfilipov8s@issuu.com
kkitchingman8t,wP0\H~)}%'H,Kakalina,Kitchingman,kkitchingman8t@alexa.com
ipatrick8u,sT3&Yv{NEbUiIr|2,Itch,Patrick,ipatrick8u@paginegialle.it
kdaulton8v,mC1'qZ<A)m,Keir,Daulton,kdaulton8v@deviantart.com
kciccone8w,"nA2""ISNFd==~VR9p",Kathy,Ciccone,kciccone8w@dropbox.com
kcacacie8x,cJ4'dhOz,Kikelia,Cacacie,kcacacie8x@china.com.cn
agatchell8y,tG6.fx!OH{tL,Augie,Gatchell,agatchell8y@usgs.gov
nniessen8z,qN8/PPQU*A)y1b`E,Nikola,Niessen,nniessen8z@yelp.com
wradish90,hS9/nc4x_nF,Wyatan,Radish,wradish90@ifeng.com
pfitchen91,kA3\.(v$.1I<7$F3,Philip,Fitchen,pfitchen91@si.edu
dmerriott92,iQ5</Dn=NT1Q,Deloria,Merriott,dmerriott92@bloglovin.com
tkenset93,hL1>V+UY,Thibaud,Kenset,tkenset93@spotify.com
kannes94,fP7`kbz\,Kit,Annes,kannes94@goodreads.com
funsworth95,jT3{8%r},Felecia,Unsworth,funsworth95@google.com.br
kcancutt96,jV2$vbJTtm%,Kacey,Cancutt,kcancutt96@cmu.edu
mgenny97,vY2=s51}HgbLA~,Morie,Genny,mgenny97@nationalgeographic.com
tsteart98,wR2?{7_D90(,Tad,Steart,tsteart98@shutterfly.com
gcasemore99,cE7!4q\R,Gayle,Casemore,gcasemore99@yolasite.com
sregina9a,xR6|~Jsvf{i4cs\?,Sherrie,Regina,sregina9a@trellian.com
cbrothwell9b,nA4'(4Af4mhs,Christal,Brothwell,cbrothwell9b@webmd.com
dpieter9c,"bF2%x<eLy{,%=",Debera,Pieter,dpieter9c@dell.com
mkirdsch9d,yM6~Jvk_A$S#,Miller,Kirdsch,mkirdsch9d@unc.edu
trohloff9e,kC7%3p1q3JbyNa,Tabor,Rohloff,trohloff9e@ocn.ne.jp
mgrenshiels9f,yC1.K+YD/@z73j,Mechelle,Grenshiels,mgrenshiels9f@lycos.com
cgladbeck9g,oW6$Eg?L!cGw,Christal,Gladbeck,cgladbeck9g@shop-pro.jp
tpochet9h,sL9|7fVXwg,Travers,Pochet,tpochet9h@wikia.com
smayer9i,lU7<WZjOe,Svend,Mayer,smayer9i@apple.com
bbernardinelli9j,"sK3>|s*C*&ZN""q/d",Bax,Bernardinelli,bbernardinelli9j@pinterest.com
pattride9k,"yX6.9WCm,p6la",Pammy,Attride,pattride9k@vimeo.com
mhryniewicz9l,pE2$(awhcOP6j_,Meagan,Hryniewicz,mhryniewicz9l@creativecommons.org
cseery9m,gE2{h<sPDon51t,Cherida,Seery,cseery9m@bigcartel.com
thusbands9n,cE9>K&Rzw~I,Tonia,Husbands,thusbands9n@vk.com
oadair9o,"uL0)O""ovb?V",Opaline,Adair,oadair9o@google.it
ogiamelli9p,zY7`f%i{\pqpy+,Orsa,Giamelli,ogiamelli9p@washingtonpost.com
cvillar9q,"dY7!g5,D}<AGj",Cathryn,Villar,cvillar9q@de.vu
vferrand9r,oF3|Z658W>a,Veda,Ferrand,vferrand9r@mayoclinic.com
gwoodroof9s,"gB1|,BL%77bvN",Gaultiero,Woodroof,gwoodroof9s@hud.gov
adyas9t,"lR9/?,Xva5TUZ",Ahmad,Dyas,adyas9t@digg.com
mcattemull9u,"hG1""Ra,G\#iUeS",Mariellen,Cattemull,mcattemull9u@yale.edu
smcneice9v,fT0{*Y4mbEKT,Shannen,McNeice,smcneice9v@yelp.com
britelli9w,"vX8,yL8_Z",Brittaney,Ritelli,britelli9w@indiegogo.com
ddellenty9x,"oY7.n""#?Tw",Dolly,Dellenty,ddellenty9x@statcounter.com
cmatskevich9y,eU3$(J*p,Cordie,Matskevich,cmatskevich9y@cam.ac.uk
egrimmolby9z,yT7!\r3nl'0>f`%,Ellsworth,Grimmolby,egrimmolby9z@hexun.com
sdelayglesiaa0,qD2?._P{aj(K$#e,Sydelle,De la Yglesia,sdelayglesiaa0@ft.com
akinnya1,dX9&?3(#=,Alvin,Kinny,akinnya1@cdbaby.com
bsanda2,"uS0%>,Iu_>k)Nv",Bertrando,Sand,bsanda2@e-recht24.de
clewseya3,"yB1=8QwSGh8@k""",Chad,Lewsey,clewseya3@ca.gov
mgubbinsa4,"kM7'`#Ub~d""FB16",Mable,Gubbins,mgubbinsa4@addthis.com
jbramblea5,sM1@?%s_Xj<a,Jimmy,Bramble,jbramblea5@businessinsider.com
rhaswalla6,hX5<e!FC,Rudolph,Haswall,rhaswalla6@google.it
ksunmana7,jX9{s6$D!'mP67,Kristofer,Sunman,ksunmana7@tamu.edu
fsiemianowicza8,yA2>|Ftj,Feodora,Siemianowicz,fsiemianowicza8@msu.edu
kmacvaya9,jQ3~rs~W@ecn1)Q,Kakalina,MacVay,kmacvaya9@constantcontact.com
jgardineraa,sE6%EV(\Aw,Joelie,Gardiner,jgardineraa@addtoany.com
anickollab,uE9$(IvTX,August,Nickoll,anickollab@aol.com
kgilpillanac,zM5={ANe9,Katrina,Gilpillan,kgilpillanac@biglobe.ne.jp
fpeetad,qN0|%a}i,Feliks,Peet,fpeetad@shop-pro.jp
jjiranae,eM7>Brza&B61~SjN,Jeffie,Jiran,jjiranae@macromedia.com
clindellaf,aL1&|(abYXq7,Clive,Lindell,clindellaf@liveinternet.ru
lscamerdineag,oQ9)~q2O)i,Lucia,Scamerdine,lscamerdineag@bluehost.com
pdiwellah,iG9_pm>c(iC!s=,Page,Diwell,pdiwellah@rambler.ru
rscuphamai,vO0*)1>$Dk!d(N,Rutter,Scupham,rscuphamai@wsj.com
uloveredgeaj,vL3=z#/Hy,Uta,Loveredge,uloveredgeaj@t-online.de
bkennermannak,sN1|Nn*Asi0|tLt,Barbra,Kennermann,bkennermannak@dyndns.org
leckersallal,jA1'i|Kv_,Lissy,Eckersall,leckersallal@desdev.cn
kdarbyam,vY6=leuHSl#__L,Karee,Darby,kdarbyam@hud.gov
mstutan,yL7&dun2m&9\}G,Mae,Stut,mstutan@i2i.jp
tbrinkleyao,"bT8%{U"")4IC",Torey,Brinkley,tbrinkleyao@studiopress.com
hgowanap,vC6>lYvLVU,Hart,Gowan,hgowanap@irs.gov
aturnellaq,"uV8&,.U*2|{11w2i",Alia,Turnell,aturnellaq@mysql.com
erenzoar,iJ1`&jD~cDt<v6,Estevan,Renzo,erenzoar@sciencedaily.com
qcritchas,hC4|j&OS6YfhH,Quinton,Critch,qcritchas@domainmarket.com
dgannonat,"hM1.#0c,MbtI",Devin,Gannon,dgannonat@dagondesign.com
kdyau,hI7_UVj33@,Karyn,Dy,kdyau@unblog.fr
leatesav,"qB7\KIOM\IZ"">",Lily,Eates,leatesav@reuters.com
mroubeixaw,zU6=mA?(<R@'(zSX,Malachi,Roubeix,mroubeixaw@4shared.com
gbalserax,"xF0*y,n}",Gilberta,Balser,gbalserax@themeforest.net
jcransonay,jR0{u8zE*6,Jorge,Cranson,jcransonay@wufoo.com
gocleryaz,kO4&\gL9sfB,Glenine,O'Clery,gocleryaz@ihg.com
hyettsb0,"kX9*3,YK/e/Sdj<",Hyacinthia,Yetts,hyettsb0@usa.gov
cwinsborrowb1,"nS2#m8Isc""",Cirilo,Winsborrow,cwinsborrowb1@google.de
bbruntb2,iR0@Jm0Yt`*8,Bethany,Brunt,bbruntb2@epa.gov
dronanb3,mS0$obp31@~,Dicky,Ronan,dronanb3@plala.or.jp
ablowerb4,bP7+I_Sw7Td|nor,Aviva,Blower,ablowerb4@vkontakte.ru
roffillb5,mA9*qe0{|{#SX*,Renate,Offill,roffillb5@nih.gov
ldimbylowb6,"hN2=dR""hD3u~.""",Lek,Dimbylow,ldimbylowb6@nba.com
vtotenb7,pH1{Ru*a(.h4,Vanni,Toten,vtotenb7@is.gd
kcollefordb8,"gQ4,vZnH0'\",Kalil,Colleford,kcollefordb8@ox.ac.uk
dheighob9,kJ7~AA_1g,Dene,Heigho,dheighob9@webmd.com
kjefferiesba,aY8(||w1GR(3,Kettie,Jefferies,kjefferiesba@go.com
aenriquebb,"iG2~Fo#,oY_*5G",Aeriel,Enrique,aenriquebb@epa.gov
awimpressbc,vH4<fxim/Vu,Andria,Wimpress,awimpressbc@xing.com
nbebisbd,uS5)W/rgOocz,Nerissa,Bebis,nbebisbd@t.co
aphizakarleybe,eL0%R`TSUa,Alys,Phizakarley,aphizakarleybe@berkeley.edu
tglandbf,eN7`B0UXV,Terese,Gland,tglandbf@oracle.com
agiacobonibg,jP9~$KLPHVE,Andrus,Giacoboni,agiacobonibg@sfgate.com
cscholigbh,sV0?5osP,Cherise,Scholig,cscholigbh@booking.com
mmartlewbi,"uK2}vkZfT""N8Y?zr",Martyn,Martlew,mmartlewbi@chicagotribune.com
jblinckobj,gG5\YW9>Qeq9o|z,Jannel,Blincko,jblinckobj@opensource.org
achithambk,"aG4)l/?f9P5@q#,",Amble,Chitham,achithambk@w3.org
dpascowbl,gF5{{\4|.,Donnajean,Pascow,dpascowbl@si.edu
gagnolobm,uN4\9cuNAfxj,Garfield,Agnolo,gagnolobm@rediff.com
rosoriobn,zV1?{zn<*CAk(Y,Rickert,Osorio,rosoriobn@tumblr.com
kbettsbo,vM8)>ewRim<'`,Kevyn,Betts,kbettsbo@loc.gov
bleglisebp,jT3(w>}\1KZ\v,Berti,Leglise,bleglisebp@europa.eu
kbuttelbq,yJ5*\>5w4lfUl,Kori,Buttel,kbuttelbq@columbia.edu
jpellantbr,hG3$91`rHI,Jasen,Pellant,jpellantbr@arstechnica.com
jlanghambs,sI4~l3t#ZEY9t097,Jake,Langham,jlanghambs@vinaora.com
aeberleinbt,jD0|VtK<iY_ytCFv,Allianora,Eberlein,aeberleinbt@fda.gov
kpollardbu,"qD5,.&CecCMfU*=f",Kathryn,Pollard,kpollardbu@hhs.gov
gdunnawaybv,xG7.\r{b4?T,Gunther,Dunnaway,gdunnawaybv@state.tx.us
tjersonbw,"pH8)R+d0c<V.m,|G",Thor,Jerson,tjersonbw@wired.com
dmillershipbx,wQ7){fu(u@,Durant,Millership,dmillershipbx@go.com
csetterthwaitby,"eD4,b*IK}!CG",Currie,Setterthwait,csetterthwaitby@chron.com
smatelyunasbz,yI0})mJ*}V?R{&,Spence,Matelyunas,smatelyunasbz@hubpages.com
cbruinsmac0,"tS3@w+{7""""ur""%6",Cosetta,Bruinsma,cbruinsmac0@imdb.com
dgronowec1,mX8>\2wJ,Dollie,Gronowe,dgronowec1@narod.ru
abootesc2,jH4(s_BQX),Auguste,Bootes,abootesc2@cpanel.net
folifardc3,"cX8""QDdxm(T<",Farly,Olifard,folifardc3@webmd.com
zpuckrinc4,kO8'(L{h,Zebadiah,Puckrin,zpuckrinc4@hp.com
gclaphamc5,uW0&=igC|,Gearalt,Clapham,gclaphamc5@dell.com
wmcphadenc6,xV4#}(Zi/GTct50,Wilma,McPhaden,wmcphadenc6@cbslocal.com
ldegregorioc7,cX4%@0%Ch`<e+#I,Lem,De Gregorio,ldegregorioc7@hc360.com
jhoylandc8,yY6*u%KPH,Jaimie,Hoyland,jhoylandc8@netlog.com
dgottc9,"bK8}i+,)*TSo}V",Derwin,Gott,dgottc9@weather.com
bcoultousca,uV3+2IJH,Brandi,Coultous,bcoultousca@cloudflare.com
ngrinvalcb,rW3(?tIog,Noe,Grinval,ngrinvalcb@bloomberg.com
mpitrellicc,pI3{)L@L.+,Merle,Pitrelli,mpitrellicc@wufoo.com
smcgeecd,pL9)5.sw5,Shelia,Mc Gee,smcgeecd@chicagotribune.com
dteasdalece,iK3=Q&<M*7ulv2$,Daune,Teasdale,dteasdalece@com.com
ccolumbellcf,wY4/i8K@,Cinderella,Columbell,ccolumbellcf@spiegel.de
eeckleycg,jE2(rEl}_3,Edee,Eckley,eeckleycg@marketwatch.com
tzorerch,nN5%wRztE,Tammie,Zorer,tzorerch@shop-pro.jp
fbramwellci,aT7|=G@6nrG,Florencia,Bramwell,fbramwellci@chicagotribune.com
bokinedycj,nR3~4oay4O,Brynne,O'Kinedy,bokinedycj@jugem.jp
hjohannessonck,aT4_Ub+S7,Haskel,Johannesson,hjohannessonck@vinaora.com
ltomczykowskicl,pB8?e9\66\vjMR>,Louise,Tomczykowski,ltomczykowskicl@symantec.com
rfleetwoodcm,"nG7%y,A%vtbo",Roth,Fleetwood,rfleetwoodcm@newyorker.com
mgullifantcn,sH8|QQTu,Maryann,Gullifant,mgullifantcn@drupal.org
djennickco,qU5=31?&,Dinny,Jennick,djennickco@dmoz.org
rbidewellcp,fG7<WIF6,Rainer,Bidewell,rbidewellcp@amazon.de
jdowningcq,tT4!*2G`yn,Jillane,Downing,jdowningcq@typepad.com
ctuffscr,eM9~s6fcxwN,Channa,Tuffs,ctuffscr@wikimedia.org
hmacercs,iQ5$6A3QH$JHDo6$,Hubert,Macer,hmacercs@cnet.com
bpowerct,yN6=mPCmI\b,Britni,Power,bpowerct@bravesites.com
mwodelandcu,sJ3/bYd',Milt,Wodeland,mwodelandcu@wikimedia.org
tlanphiercv,gL5~r@6Np'+u@g2,Timmie,Lanphier,tlanphiercv@dedecms.com
hwillcotcw,bB3\#wFK_z}C,Hester,Willcot,hwillcotcw@blogspot.com
rbeagencx,bF6+j.m=yfl8|Lf,Rena,Beagen,rbeagencx@eventbrite.com
osamwayecy,"oX9@iqc,yZQd#4",Oberon,Samwaye,osamwayecy@mysql.com
tohederscollcz,"zD5{QgN*x""xQ<K?c",Terrie,O'Hederscoll,tohederscollcz@prlog.org
ibranched0,sA9)d#N9l,Ignace,Branche,ibranched0@ucoz.com
cuttermared1,iR8*}j*8HfKH,Camilla,Uttermare,cuttermared1@gnu.org
sforsterd2,"jW4_v#oc2i""Wjw",Silvan,Forster,sforsterd2@flavors.me
ccubberleyd3,bY6!LOQt5W~@,Crista,Cubberley,ccubberleyd3@ca.gov
bteodorid4,zI3$gA~O,Briant,Teodori,bteodorid4@pcworld.com
gniessd5,kW6}M<Q=1,Gabbey,Niess,gniessd5@phoca.cz
dgwytherd6,qZ1{EVu&!6m&@X',Derrick,Gwyther,dgwytherd6@mysql.com
bknightd7,cN7'R3Lg1iMhN,Burch,Knight,bknightd7@blogs.com
dyongd8,nD9\6`dd~`d<=7),Danni,Yong,dyongd8@wikia.com
npepineauxd9,vP7)Oqq%,Nicolas,Pepineaux,npepineauxd9@mac.com
aperringda,"pF9~V%<K,L_V+",Allin,Perring,aperringda@amazon.com
dbenfielddb,rH1~I0PIX?Qp,Derk,Benfield,dbenfielddb@webs.com
rstonharddc,bD4*@>Se%>9VRl,Ruddy,Stonhard,rstonharddc@oracle.com
scleevesdd,"vZ9+=ZS~2'!Dd""w",Sergeant,Cleeves,scleevesdd@ifeng.com
gkropde,nZ5>oYkVU&c,Gannon,Krop,gkropde@ezinearticles.com
ejiggensdf,jD8|L7Yy3d@C,Edgardo,Jiggens,ejiggensdf@wikimedia.org
rgaucherdg,bV3&P'dOpWYs@Q9F,Regina,Gaucher,rgaucherdg@skyrock.com
tpoultondh,eX2$!QJD)0,Tersina,Poulton,tpoultondh@chronoengine.com
vdorkindi,"oI2+#q""Q",Viviene,Dorkin,vdorkindi@myspace.com
greddeldj,"qB5%c""7,",Gloria,Reddel,greddeldj@prlog.org
agodindk,nM6(G(gTJWU,Alberik,Godin,agodindk@npr.org
gcripindl,fV1~O_EA/0+Pr@,Gilbertina,Cripin,gcripindl@51.la
mduckdm,"oP8~4<},i{XZbhp",Madison,Duck,mduckdm@fc2.com
hhurlindn,"xL6@,mr,Vy)0C",Hilda,Hurlin,hhurlindn@businessweek.com
lmclaughlindo,"rR2""ukNYLgqcT",Lotte,McLaughlin,lmclaughlindo@japanpost.jp
thannumdp,gA7~qv+1ob3,Ty,Hannum,thannumdp@ask.com
ewebberleydq,zA9_4jjT+<,Efrem,Webberley,ewebberleydq@deliciousdays.com
cdearledr,nY8}s(Sn0?1P,Currey,Dearle,cdearledr@sphinn.com
pworsallds,oU6@P>M2,Parry,Worsall,pworsallds@1und1.de
rlearoyddt,uX7@/eb2,Ray,Learoyd,rlearoyddt@who.int
kpikedu,tN5>&3i=dS``0U+,Kevyn,Pike,kpikedu@goo.gl
mgleydv,lT2>NDX.)OCF,Munroe,Gley,mgleydv@state.gov
ksnelgrovedw,"xU6/oh.y'CB|$""M",Kelci,Snelgrove,ksnelgrovedw@ebay.com
gtevelovdx,oR8{$Dw{,Gar,Tevelov,gtevelovdx@telegraph.co.uk
skielydy,xJ1/`&!0__%,Sylas,Kiely,skielydy@wordpress.org
dsedgemoredz,hI8*CG4oOg+Yzp$,Deeann,Sedgemore,dsedgemoredz@google.de
jantoinete0,xV2*>apsl,Justen,Antoinet,jantoinete0@washingtonpost.com
amadnere1,wA5?rV!PGd7,Axel,Madner,amadnere1@apple.com
makselle2,"tT6}j<*w}6c,Q3hN",Myrtle,Aksell,makselle2@myspace.com
btosdevine3,wD7>m#EH,Buddy,Tosdevin,btosdevine3@discovery.com
gblanne4,wU5$r'DE/,Gilbertine,Blann,gblanne4@google.de
jbussee5,dM4}{e'2CJ,Jonah,Busse,jbussee5@nhs.uk
bfillimoree6,iD6)y+vP61P,Bevon,Fillimore,bfillimoree6@t-online.de
jkilshawe7,pJ4\na|dJiYi`,Jobey,Kilshaw,jkilshawe7@google.nl
skearsleye8,xU0~n'O|{pR3\I,Stacia,Kearsley,skearsleye8@geocities.jp
astuchberrye9,dZ2(*>CjV@,Adara,Stuchberry,astuchberrye9@taobao.com
cduffea,rZ0.Fx/QqgHn4.J,Cecilia,Duff,cduffea@cbc.ca
eterlindeneb,oH4=/RLg(,Eimile,Terlinden,eterlindeneb@odnoklassniki.ru
lnassieec,iR1.azmO,Linnea,Nassie,lnassieec@icio.us
bstollarded,tQ4~OzOuZVl!/K,Belinda,Stollard,bstollarded@sun.com
drennlesee,fS1.zHs_K<+ohI$},Dag,Rennles,drennlesee@taobao.com
ltipensef,oN6>y@S}w$aJ,Loise,Tipens,ltipensef@fc2.com
trockseg,hO1?znwQ.,Travers,Rocks,trockseg@sbwire.com
ueckfordeh,yG3{cxSCp~.5(iw7,Ulric,Eckford,ueckfordeh@xrea.com
hnasheei,zS0$yMIQI|p}3I,Humfried,Nashe,hnasheei@google.ru
icastellaej,sW2(<'RK,Irena,Castella,icastellaej@networksolutions.com
vlegrandek,vL7/&Oc)5x9xE,Victoria,Le Grand,vlegrandek@stumbleupon.com
lhenrichsenel,jM3'X!j.0gKKjmD,Lucia,Henrichsen,lhenrichsenel@loc.gov
iocannavanem,dW7%~)S6w|=WaM9),Ida,O'Cannavan,iocannavanem@creativecommons.org
nephsonen,aG8#x#3vyA,Neille,Ephson,nephsonen@bravesites.com
umcomisheo,"nT3(i2*Pr""GQVwe'",Urban,McOmish,umcomisheo@usnews.com
dleblondep,zJ8=M9Z|9+,Doug,Le Blond,dleblondep@microsoft.com
mheliareq,tT9'n@n/\qDfjxT,Merrili,Heliar,mheliareq@live.com
lcallisterer,sB5~I*quQa'v,Lucho,Callister,lcallisterer@csmonitor.com
csimpsones,hO1~~F2kL{K0``oq,Carine,Simpson,csimpsones@pen.io
lfelsteadet,mM2=SINU*X`hG,Les,Felstead,lfelsteadet@go.com
aboweringeu,dX9'=Y~WsC&fLRV,Alf,Bowering,aboweringeu@earthlink.net
mshoremanev,tM7@'IkOdEStj,Murray,Shoreman,mshoremanev@google.it
prihaew,tX7}$R+FlmXEi,Pail,Riha,prihaew@apache.org
hjoutapaitisex,hM7<{5'j,Hallsy,Joutapaitis,hjoutapaitisex@scientificamerican.com
sghilksey,vA4#>K2f'uy)<,Sabra,Ghilks,sghilksey@dailymotion.com
mdetocquevilleez,qT8@Y1=!BnNpN,Martin,de Tocqueville,mdetocquevilleez@abc.net.au
fdefondf0,oA0=54'XDh,Fielding,Defond,fdefondf0@naver.com
rgerkensf1,uR3\{O_<x7Ir<t,Robinett,Gerkens,rgerkensf1@fc2.com
aosheef2,"xH8|\q*|O~""b",Augustus,O'Shee,aosheef2@squidoo.com
rvonasekf3,vC0/(AoYn%,Reynard,Vonasek,rvonasekf3@youku.com
bharbourf4,xV3*N_{Se|`r,Bentlee,Harbour,bharbourf4@phpbb.com
cillstonf5,"nQ2?+_e5t,kYJN",Caralie,Illston,cillstonf5@mlb.com
jstenbridgef6,eF0~Tx#y.6,Jade,Stenbridge,jstenbridgef6@dot.gov
egiacomof7,cC4.`I37J~R2s,Euell,Giacomo,egiacomof7@vkontakte.ru
tlintotf8,nL3*W=S!Q0#A,Thatch,Lintot,tlintotf8@drupal.org
nreboulf9,"tR3\N.cjnF,Z{y",Nickie,Reboul,nreboulf9@pagesperso-orange.fr
pglennfa,eH4#>=5r<,Phineas,Glenn,pglennfa@dedecms.com
rsedgefieldfb,jS8~kU3_rw',Rodi,Sedgefield,rsedgefieldfb@g.co
dkleinhausfc,oI6*`GSmg}N(BSn,Derwin,Kleinhaus,dkleinhausfc@rediff.com
mloveittfd,nG2#||x0F*X,Mufi,Loveitt,mloveittfd@nsw.gov.au
mpallantfe,sX5>\HLT#aHd,Mark,Pallant,mpallantfe@jalbum.net
knealeyff,kM2$A_Vwo/y#n?_,Katrinka,Nealey,knealeyff@discuz.net
fbarleefg,jP6>zWW~CbRB,Florie,Barlee,fbarleefg@adobe.com
mwoolagerfh,mS1<=zlhp,Merrielle,Woolager,mwoolagerfh@ocn.ne.jp
jrawlingsfi,xM1}>&t)LOVBU8=\,Jessi,Rawlings,jrawlingsfi@diigo.com
abernoletfj,pV9)tM0/Ov+V,Avram,Bernolet,abernoletfj@nbcnews.com
dabthorpefk,oD3>HGW\_&,Damita,Abthorpe,dabthorpefk@uiuc.edu
cosheildsfl,lB5@4yn20'J,Cliff,O'Sheilds,cosheildsfl@naver.com
dsauvagefm,vO0<kYr74/xa5#,Darlene,Sauvage,dsauvagefm@bandcamp.com
rjosselfn,iZ6=`2AkYQ|cwa,Ryley,Jossel,rjosselfn@nyu.edu
mwiltshierfo,gJ0=<X/_%.g@7)+,Meridith,Wiltshier,mwiltshierfo@vk.com
cburnerfp,lR8@ZM)U<.0j,Cinnamon,Burner,cburnerfp@booking.com
jnozzoliifq,vR5|.UL<Z`f(,Jane,Nozzolii,jnozzoliifq@wp.com
kkearneyfr,dY7`7vO*1,Kirk,Kearney,kkearneyfr@geocities.com
gwalkerfs,aZ8}xR5C='|>,Gerta,Walker,gwalkerfs@vimeo.com
mrafteryft,"pC2?S<bTY49B,q",Morry,Raftery,mrafteryft@linkedin.com
cglanvillefu,"hG8~M(K#pTbu""",Catriona,Glanville,cglanvillefu@taobao.com
lballingfv,wE7)Yb$yPO/HZ8r,Lindsay,Balling,lballingfv@cbslocal.com
mmarcufw,zP3<e'5Sk6`&,Moria,Marcu,mmarcufw@ustream.tv
jbeinfx,"kF8\_b,JwA}RX",Jo,Bein,jbeinfx@sina.com.cn
brosenstengelfy,"uX1=U06R,Dly7s",Benyamin,Rosenstengel,brosenstengelfy@furl.net
qgaitherfz,vH6@{W<`.8ur,Quentin,Gaither,qgaitherfz@tmall.com
kmacadieg0,cY6${D~fK7rDy',Kass,MacAdie,kmacadieg0@ebay.com
gtregaskisg1,"rL2(tin}$""viStYw",Gabrila,Tregaskis,gtregaskisg1@marketwatch.com
ttitteringtong2,gF1$#XksG7y,Titos,Titterington,ttitteringtong2@amazonaws.com
gharcombeg3,jP5*`T|6,Golda,Harcombe,gharcombeg3@godaddy.com
jgueinng4,gW0}S|g&,Joela,Gueinn,jgueinng4@loc.gov
rbaglowg5,"cQ3.,vs!",Rhonda,Baglow,rbaglowg5@google.it
jaytong6,hT8=?7_e=F2,Jobyna,Ayton,jaytong6@blinklist.com
jglasscoog7,lE1=7AxMawBJ,Jessi,Glasscoo,jglasscoog7@google.it
kricketg8,hI8=>ZXx,Karla,Ricket,kricketg8@furl.net
gmayberyg9,zL3}$~GjjC'RB@},Goldina,Maybery,gmayberyg9@va.gov
abruhnga,rN2*r}Xpgnq3w5w,Albert,Bruhn,abruhnga@nature.com
rskeemergb,vD0_9oB<6,Rania,Skeemer,rskeemergb@sakura.ne.jp
slamargc,rZ9/'MTZdQY0v?w,Salaidh,Lamar,slamargc@earthlink.net
kbrittingd,"fH3.SI05|2,D~",Kylen,Brittin,kbrittingd@constantcontact.com
rhukinge,tS4@Svp9..{BBx3,Rois,Hukin,rhukinge@cbsnews.com
rdominettigf,iG3\_)i5Bt0y%`x,Raleigh,Dominetti,rdominettigf@vinaora.com
fubeegg,iI9|GA0e,Fidelia,Ubee,fubeegg@posterous.com
dlyallgh,"tU3!jj""&Uoka",Dot,Lyall,dlyallgh@tripod.com
gcransongi,rQ5=@Mw!(j,Graehme,Cranson,gcransongi@hud.gov
ndankovgj,pB3#E?)7Q%n(?5`Z,Nessa,Dankov,ndankovgj@reuters.com
smccomegk,iO7%n\K/%d))ep|,Sherilyn,McCome,smccomegk@smh.com.au
dseabrookgl,"aG2?L\`,OsRyA#=",Darb,Seabrook,dseabrookgl@phpbb.com
gteanbygm,xJ1}l8`\p)l,Gilbertine,Teanby,gteanbygm@xinhuanet.com
jkagangn,"aX2}""Z(/*Wi/}vd3",Janine,Kagan,jkagangn@meetup.com
tbatallego,"dQ7(Cr.Tq""&}",Tandie,Batalle,tbatallego@tuttocitta.it
wgoodliffegp,xU2@WZF{},Weidar,Goodliffe,wgoodliffegp@state.gov
sfishburngq,"fH9|Ewd""<fmi",Selinda,Fishburn,sfishburngq@webs.com
amilhamgr,eS3!>VS(,Andrea,Milham,amilhamgr@4shared.com
cbirkbygs,"sR6=,`&Sc9&`{z",Ceciley,Birkby,cbirkbygs@wunderground.com
jyurmanovevgt,bP8}u_.>?Q3I9~@h,Jamima,Yurmanovev,jyurmanovevgt@accuweather.com
iburberowgu,"oF1*""8h9PIZ",Inez,Burberow,iburberowgu@ehow.com
edorwardgv,sL3|ldtA5L}dN37,Eulalie,Dorward,edorwardgv@redcross.org
alandongw,"fW0@""\Du3",Addy,Landon,alandongw@mit.edu
bkemwallgx,"pW6""=OTK?N*v",Bren,Kemwall,bkemwallgx@furl.net
gsantellogy,pE3=uz#xqZ1,Georgette,Santello,gsantellogy@mapy.cz
bbroadergz,aE8$~k23mI>Yv387,Beverlie,Broader,bbroadergz@upenn.edu
ggreenlandh0,"pR8""fe6)}~AYo",Gunther,Greenland,ggreenlandh0@ucoz.ru
cpasleyh1,gG1)lNN40A7@&,Celie,Pasley,cpasleyh1@techcrunch.com
cguiceh2,yH1\ekQ+qI(!*,Cherilynn,Guice,cguiceh2@parallels.com
fsorsbieh3,bG3#ZQIGk,Francis,Sorsbie,fsorsbieh3@answers.com
jmunningh4,xR9*ZmjK?yA@W7,Joete,Munning,jmunningh4@jalbum.net
tmaffettih5,"xO8~pK,xGY",Tiertza,Maffetti,tmaffettih5@odnoklassniki.ru
stidburyh6,eM9(Xn+@zTAX,Suzanna,Tidbury,stidburyh6@diigo.com
kbuggh7,"xR0,r>wb",Kelcy,Bugg,kbuggh7@last.fm
wreichelth8,yF3_|b?*E78,Wye,Reichelt,wreichelth8@skyrock.com
gduthieh9,qE6<*<{\,Garv,Duthie,gduthieh9@europa.eu
lbrazerha,yB6$fFo$h#i)G_,Lorry,Brazer,lbrazerha@biglobe.ne.jp
fdykehb,xM2(`r_>u_,Forester,Dyke,fdykehb@bizjournals.com
mlamorthc,rL3+=j)jJ$1huyc!,Maurie,Lamort,mlamorthc@t-online.de
dcarffhd,"xV6,mxpm=",Dannie,Carff,dcarffhd@cdc.gov
apakenhamhe,lE9#\83V(29Ru3T,Adham,Pakenham,apakenhamhe@wiley.com
ccolvinhf,rZ4`FL9a`d,Cynthea,Colvin,ccolvinhf@spotify.com
kwolseleyhg,zO3~h{lP!b4,Kalinda,Wolseley,kwolseleyhg@google.pl
rcardenozahh,hS9(|}~h/UEjX,Ranique,Cardenoza,rcardenozahh@amazon.de
mlukacshi,oV9>gp\S,Milly,Lukacs,mlukacshi@fda.gov
thawkerhj,wM8'i\JFhL,Theodoric,Hawker,thawkerhj@intel.com
kgooderickhk,sO5?(xg|Be,Kristina,Gooderick,kgooderickhk@wired.com
pberggrenhl,"bF8~j\?W4y/5,,",Patricia,Berggren,pberggrenhl@guardian.co.uk
jlilloehm,"vZ8}+,6+by`HpV.w",Jacintha,Lilloe,jlilloehm@spotify.com
esturgeonhn,gD9%_8?D>%QQrZI,Ethelbert,Sturgeon,esturgeonhn@ucla.edu
cdallowho,fG9?L&biO2fnT<>,Cozmo,Dallow,cdallowho@hexun.com
astearnshp,hH3`9pd<BGa5',Alex,Stearns,astearnshp@apache.org
gbrayleyhq,xS1.yt~C9/0Tv,Guenevere,Brayley,gbrayleyhq@amazon.co.jp
ameiningerhr,tR4$eH|QG9ak,Angela,Meininger,ameiningerhr@flickr.com
sadamczykhs,zB8}uotl$}1,Sada,Adamczyk,sadamczykhs@aol.com
caubriht,oE4'<pAq#L,Coletta,Aubri,caubriht@latimes.com
smingardhu,rL4*d{BI,Seline,Mingard,smingardhu@globo.com
apollicatthv,aG4=e!EGAZ,Averyl,Pollicatt,apollicatthv@github.com
rdurninghw,uV7+XgoQ2e<$%1,Rosemarie,Durning,rdurninghw@comsenz.com
hseinehx,fW0*%</}v}=i_>(,Hedwiga,Seine,hseinehx@unesco.org
vhorrellhy,xH8~Vi'R\E{u(,Veronique,Horrell,vhorrellhy@earthlink.net
rwillshirehz,eA8~Z14wA!KB}7MX,Roddie,Willshire,rwillshirehz@shinystat.com
fcasebournei0,qW3_9DL<\EO,Felicity,Casebourne,fcasebournei0@princeton.edu
bferrarii1,yD1>#hD_d@@9,Bunny,Ferrari,bferrarii1@theglobeandmail.com
lroycei2,zH5)ha$PBEDt~,Lily,Royce,lroycei2@hexun.com
mwayvilli3,sT6$NY7)JriO,Maggi,Wayvill,mwayvilli3@tmall.com
efilimorei4,fF6?)&zIbn#X,Emmeline,Filimore,efilimorei4@a8.net
jyurukhini5,wK5/'kI>,Jonah,Yurukhin,jyurukhini5@hibu.com
zcallfi6,wW6{Yw=8\pj,Zorah,Callf,zcallfi6@hhs.gov
nwoosnami7,kE8(wAOuk,Nels,Woosnam,nwoosnami7@i2i.jp
ldixi8,zC5$V.6D,Lynette,Dix,ldixi8@sciencedaily.com
mbaszniaki9,lM3'bWJ0_$8q,Marena,Baszniak,mbaszniaki9@diigo.com
tfukeia,zU6~%Tp@pmH_qi|,Travers,Fuke,tfukeia@google.com.br
lfauxib,"fK2<,#ap#n_83",Linzy,Faux,lfauxib@seesaa.net
gbiggansic,fE4!bai}Q,Garreth,Biggans,gbiggansic@oakley.com
ekinnaneid,qT2%JZD<sH,Ema,Kinnane,ekinnaneid@amazon.com
bparnabyie,kT0\b?TGf>T,Bjorn,Parnaby,bparnabyie@ftc.gov
kabrahimif,zM9+0Y4QpE,Kattie,Abrahim,kabrahimif@ucla.edu
rreadheadig,zY6=Bi@F/8)t,Ros,Readhead,rreadheadig@paypal.com
kdriffillih,lW1(VLZFYaro,Karisa,Driffill,kdriffillih@techcrunch.com
dsidesii,fN3>PX1ErkQe,Dulcinea,Sides,dsidesii@qq.com
ejeanonij,kS0)N0AqP,Elene,Jeanon,ejeanonij@cpanel.net
nthameik,"lG6|vU,M!Ci",Nicko,Thame,nthameik@zimbio.com
hdarbyshireil,"nV1@""rw`=44B",Hedda,Darbyshire,hdarbyshireil@arstechnica.com
cledamunim,jF6|n|80dPy}SJt`,Carlin,Ledamun,cledamunim@booking.com
dcaswillin,yP4{Q{)?,Deni,Caswill,dcaswillin@cam.ac.uk
bcrooteio,pC8//BYkC#,Bendick,Croote,bcrooteio@gizmodo.com
mgreenrodip,uB7$FD'10H<r#,Maryellen,Greenrod,mgreenrodip@hugedomains.com
tpomfreyiq,zG2=3=`s5@12,Twyla,Pomfrey,tpomfreyiq@ucoz.com
kjedrzejewskiir,mO6*d_Rld,Karola,Jedrzejewski,kjedrzejewskiir@umn.edu
pantoniuttiis,bS0`SiJI,Phineas,Antoniutti,pantoniuttiis@boston.com
mbaberit,pT4}qd9__s+6w,Mallory,Baber,mbaberit@behance.net
kmaccrossoniu,"bX8.g+},3Cdk",Kalil,MacCrosson,kmaccrossoniu@skype.com
hhatleyiv,tL9>eFb|i3gQ,Hatti,Hatley,hhatleyiv@uol.com.br
dglasseriw,tG0|rMM}&kF,Danny,Glasser,dglasseriw@psu.edu
rclilverdix,hZ9=QJ!)!IMy,Ruddie,Clilverd,rclilverdix@g.co
shassoniy,bD0}5T?zdNGgo4,Shelia,Hasson,shassoniy@tuttocitta.it
dveroniqueiz,pH5{yq%*{h$tEjf9,Dode,Veronique,dveroniqueiz@telegraph.co.uk
mbowldj0,zH7!wn86vGm,Merell,Bowld,mbowldj0@acquirethisname.com
dsehorschj1,jQ9`UK+{b6>PKB},Delmor,Sehorsch,dsehorschj1@behance.net
mcloneyj2,dR1.9zgTh1,Mikel,Cloney,mcloneyj2@phpbb.com
nplutheroj3,"wH0,w,PRT",Nerty,Pluthero,nplutheroj3@engadget.com
mdrucej4,uC7~wTG4<M,Maison,Druce,mdrucej4@vinaora.com
rkiosselj5,"pS8/D9>bO""Jxs",Rachel,Kiossel,rkiosselj5@tinypic.com
kcraggj6,iF9!$znti,Kristopher,Cragg,kcraggj6@youtu.be
ajallinj7,"wM2%EV9O,",Alix,Jallin,ajallinj7@pinterest.com
gbarklyj8,"wB8""S#t1OVaE",Gloria,Barkly,gbarklyj8@webs.com
mvedeshkinj9,"dJ1&U#LN}p~BK""G",Myrtie,Vedeshkin,mvedeshkinj9@wikipedia.org
dschoularja,"pE0,Vdqcu",Dana,Schoular,dschoularja@imdb.com
tgreenhalghjb,wB6>>4>@>|m7rVso,Thorn,Greenhalgh,tgreenhalghjb@desdev.cn
mbusfieldjc,"cZ6_CgU7,h5pE""h7",Mab,Busfield,mbusfieldjc@hhs.gov
daggottjd,"uH4,{@Yf",Dorise,Aggott,daggottjd@hexun.com
kdellcasaje,dF9&f'+S,Keriann,Dell Casa,kdellcasaje@slashdot.org
wmassardjf,hZ0+UL5ylDHfpCAi,Weylin,Massard,wmassardjf@nymag.com
brecordjg,"kK0?H""Rw9.nP",Brigid,Record,brecordjg@uol.com.br
cwalthojh,"xD7,XByRXB92OF(",Carroll,Waltho,cwalthojh@fema.gov
laldwichji,hL2.S7n0~$\?~@Sc,Leicester,Aldwich,laldwichji@google.pl
gthrowerjj,kT1'qe9+eo*,Gerhardt,Thrower,gthrowerjj@bizjournals.com
pterramjk,zH2(9dQy,Pooh,Terram,pterramjk@theatlantic.com
abartolozzijl,kX5`KnnFsAe/q,Arnie,Bartolozzi,abartolozzijl@dailymail.co.uk
kandreichikjm,"oH4+c)DF}#IEqc~,",Kanya,Andreichik,kandreichikjm@seesaa.net
bcurrierjn,pG5%P+|.5S~v,Bartram,Currier,bcurrierjn@intel.com
rgettonejo,bV7'FfvIG,Raphael,Gettone,rgettonejo@photobucket.com
bleasorjp,jZ5=VzZLnO2+tG,Beauregard,Leasor,bleasorjp@squarespace.com
glambrickjq,gU0)qh+%/flI.,Godfrey,Lambrick,glambrickjq@php.net
hnovichenkojr,nM3=8r)3+*!hL{,Honoria,Novichenko,hnovichenkojr@ustream.tv
gcollingtonjs,zO5#2*{&T?,Griffin,Collington,gcollingtonjs@tiny.cc
cbourdonjt,mP6%&~E2MQl/,Clywd,Bourdon,cbourdonjt@linkedin.com
ffrushardju,qU1!*IUC'KU,Franchot,Frushard,ffrushardju@ted.com
bdalessandrojv,fZ9$H.i6P9AX>,Barney,D'Alessandro,bdalessandrojv@addtoany.com
yunsteadjw,gV3=RUb@!$%6,Yelena,Unstead,yunsteadjw@ask.com
acaldarojx,eE8+uYf!m|j,Allsun,Caldaro,acaldarojx@cmu.edu
ccasoljy,mX5@}R>C6JRyCC,Clem,Casol,ccasoljy@loc.gov
evankovjz,uW8'mzu!eQ,Eileen,Vankov,evankovjz@irs.gov
calenikovk0,"wU8""5\FF\y#rqH",Carin,Alenikov,calenikovk0@shareasale.com
sreffordk1,nE8%4(aHu,Syd,Refford,sreffordk1@wunderground.com
wdowsk2,eY6/t}+683K&MGP8,Winslow,Dows,wdowsk2@slashdot.org
rwingattk3,lP9@M7OJs6mYZz.,Risa,Wingatt,rwingattk3@hostgator.com
edacheyk4,pE4%Gxj%u1,Edmund,Dachey,edacheyk4@blog.com
ogiaomozzok5,mW9@/9\>~%@=&,Olia,Giaomozzo,ogiaomozzok5@angelfire.com
cchezellek6,fM6+eL&D,Colas,Chezelle,cchezellek6@harvard.edu
pbernardonik7,qE6!*Hi_ue8Buf{,Pavla,Bernardoni,pbernardonik7@ucoz.ru
avedishchevk8,iF6'(@u*c,Alejandra,Vedishchev,avedishchevk8@bbb.org
vpittk9,wW2`n1L$$JzWbD,Valida,Pitt,vpittk9@nymag.com
hcheasmanka,"bV3""O|y|zK@wH",Hoebart,Cheasman,hcheasmanka@dot.gov
fhanscombekb,"pY5""AKI.)1@S=T$M",Faustina,Hanscombe,fhanscombekb@oaic.gov.au
obanbridgekc,cE0$U.ykH},Oates,Banbridge,obanbridgekc@disqus.com
swatkisskd,yD8.+$+<,Silvie,Watkiss,swatkisskd@youtube.com
kattrideke,yE0'}8WFN_Dz*,Kathye,Attride,kattrideke@studiopress.com
soakmankf,"lE9'Z0vjlp""Ue@<",Shalom,Oakman,soakmankf@blogspot.com
ameadekg,"hU2""O}Esb8o4`g1Y",Audra,Meade,ameadekg@freewebs.com
rcremenkh,iH7/&t#jD,Rachele,Cremen,rcremenkh@clickbank.net
ebrodwayki,sM3)?<U1eHDQEuO,Ezra,Brodway,ebrodwayki@irs.gov
kgaskoinkj,bF3.PoKSbh2)r9,Katina,Gaskoin,kgaskoinkj@cdbaby.com
glangabeerkk,bP1{J8+x>,Goober,Langabeer,glangabeerkk@meetup.com
aswidenbankkl,"dZ1""5{tR|',`",Andreana,Swidenbank,aswidenbankkl@google.com.au
ldanherkm,cZ5=us.)&g@saK,Lissi,Danher,ldanherkm@macromedia.com
ddommersenkn,"pF8&US5""MBr",Deedee,Dommersen,ddommersenkn@businesswire.com
svanko,kK9}{)0AJC=+,Siouxie,Van,svanko@marriott.com
kvannoortkp,qB0$>LP4_AS&tmk~,Kingston,Vannoort,kvannoortkp@webeden.co.uk
esclaterkq,gI7{7E94{B5}R_n(,Eal,Sclater,esclaterkq@howstuffworks.com
rvogelkr,aF2=)siMM1F,Renata,Vogel,rvogelkr@unblog.fr
gsabanks,"cX1""U'mhFX<9",Gil,Saban,gsabanks@mit.edu
sfeatherkt,"lX9,IMe6>O",Sarina,Feather,sfeatherkt@vinaora.com
fmicheuku,"gF0\\+D,g%}""35.y",Faulkner,Micheu,fmicheuku@quantcast.com
bnetherwoodkv,"gE2""i#KOrauQj|",Betta,Netherwood,bnetherwoodkv@wufoo.com
chowskw,wK7>?Oy8d|#A5,Creighton,Hows,chowskw@blogger.com
yerwinkx,xR8@/xO`7o{oi{r,Yorgos,Erwin,yerwinkx@bing.com
jperoneky,oL4&2Ne{LL}=N3,Joachim,Perone,jperoneky@indiatimes.com
hespinkz,cU7@r`Xfi3ONK,Henri,Espin,hespinkz@rediff.com
jvandalel0,eA7<HDE4o@e.RP,Justinian,Van Dale,jvandalel0@stanford.edu
swrothaml1,zM0&/5<F/uh#>jeL,Sidoney,Wrotham,swrothaml1@wisc.edu
wnuthl2,rE8*zJ&gNVpm{,Werner,Nuth,wnuthl2@jiathis.com
tpurringtonl3,aF4)$79@+A%l,Terrel,Purrington,tpurringtonl3@ehow.com
pbraddenl4,uL7!>F6N,Pavia,Bradden,pbraddenl4@1und1.de
mfrearsl5,eD4%OF{s6)OG6}%,Marwin,Frears,mfrearsl5@psu.edu
jchansonnel6,pG6_S'FG|8/b,Josie,Chansonne,jchansonnel6@nationalgeographic.com
pholehousel7,nG2=M9>Np,Paton,Holehouse,pholehousel7@networkadvertising.org
sdagostinil8,oF8~Lh<UX,Sarena,D'Agostini,sdagostinil8@yahoo.co.jp
hmitchelhilll9,pX5`<uu/\'NL`ZTe,Huey,Mitchelhill,hmitchelhilll9@youtu.be
ppettefordla,"rP5""**.bCk*3",Pamelina,Petteford,ppettefordla@usgs.gov
bhargreavelb,tW3&(u3?&1D/f,Bonnee,Hargreave,bhargreavelb@feedburner.com
lkivlehanlc,iT6!yW9\b,Luciana,Kivlehan,lkivlehanlc@dagondesign.com
eslessarld,"iF4(XVrFIjwQp,+l",Elora,Slessar,eslessarld@wikispaces.com
aewdalele,tU4'/}lGcj7,Aguste,Ewdale,aewdalele@sogou.com
bwebbenlf,bQ5)n3j{n%#,Bailey,Webben,bwebbenlf@scientificamerican.com
acoleirolg,qV8'UP/\Af+,Audy,Coleiro,acoleirolg@hubpages.com
ccalderbanklh,yC3)<.Xtgl@0,Camala,Calderbank,ccalderbanklh@amazon.co.uk
akaleweli,mJ1&|0k{HNbUL8,Abeu,Kalewe,akaleweli@ameblo.jp
fearrylj,"gS9,'n1""C""`\N$",Franciska,Earry,fearrylj@nps.gov
wrhoduslk,gU9(fM1'3/,Windy,Rhodus,wrhoduslk@mac.com
lgermainll,vZ3=t}sYh1bHUN,Llywellyn,Germain,lgermainll@myspace.com
agiabuzzilm,"bH3<@re""dAR)g",Allison,Giabuzzi,agiabuzzilm@about.me
tlygoln,vC0.?MYdN,Titus,Lygo,tlygoln@archive.org
ebrockherstlo,fC3?S@MZet}k,Enid,Brockherst,ebrockherstlo@fc2.com
uborgeslp,wF5#*xtR5s,Ulrika,Borges,uborgeslp@google.com.br
pconnechielq,iE7+*8f%!=drmMU,Phillida,Connechie,pconnechielq@printfriendly.com
dventumlr,"kI5(02,9#8",Daisie,Ventum,dventumlr@msn.com
bvannetls,mT5|S~OgAqJt6`Mh,Bord,Vannet,bvannetls@liveinternet.ru
kgostagelt,tG6?s9Y4B49,Karyl,Gostage,kgostagelt@gizmodo.com
bheinleinlu,"fP3,iEx1@))_",Bridie,Heinlein,bheinleinlu@gmpg.org
plaurenzlv,pY3}w>#V`\17,Pet,Laurenz,plaurenzlv@jiathis.com
eroskellylw,nL3=tKL3,Eadith,Roskelly,eroskellylw@seattletimes.com
jgiblinglx,"nP4,xc~j04I3t\EX",Juline,Gibling,jgiblinglx@utexas.edu
tvonhagtly,vX1(!vqn,Thornton,von Hagt,tvonhagtly@sciencedirect.com
talvaradolz,"xK2*(JP&""!+",Trudey,Alvarado,talvaradolz@wufoo.com
ibrimblecombem0,zW2&y@C#,Ignazio,Brimblecombe,ibrimblecombem0@statcounter.com
aphonixm1,gD5<{=)l`HS3eG,Abbey,Phonix,aphonixm1@umich.edu
hfairpom2,mI4<sHk+<G74,Hana,Fairpo,hfairpom2@google.com.au
wlascellesm3,"bK7~b""/c>&",Winona,Lascelles,wlascellesm3@about.me
nbouettem4,aI2+ZZ_w{VB{,Nady,Bouette,nbouettem4@un.org
ctomaszekm5,"zQ5""#x.>*2?",Colene,Tomaszek,ctomaszekm5@comcast.net
cbannisterm6,fI6<~h{?,Casandra,Bannister,cbannisterm6@phpbb.com
spenddrethm7,mG9$@A*T(8XcN,Sherline,Penddreth,spenddrethm7@netvibes.com
gantatm8,lL4#WG9Du5KI,Giselle,Antat,gantatm8@aboutads.info
dpideonm9,tD1`k*w%1$'r=,Diena,Pideon,dpideonm9@ifeng.com
jfacchinima,"sY2#dScmk+NI""G",Josee,Facchini,jfacchinima@nasa.gov
skopmanmb,"mE5,N!MVOI",Suzi,Kopman,skopmanmb@wiley.com
mdenesmc,sN0|79Jvcc'z),Malanie,Denes,mdenesmc@trellian.com
mamnermd,"fW0""~7DEX",Madelon,Amner,mamnermd@technorati.com
asarahme,qB6?p<WRG0hzt,Alecia,Sarah,asarahme@usda.gov
fderrymf,aG7'NeT4k{Y.r,Fern,Derry,fderrymf@ebay.com
jsiegemg,zH6/8+.0i,Joseito,Siege,jsiegemg@ezinearticles.com
fdemitrismh,cU2#1iGUa,Filip,De Mitris,fdemitrismh@wikispaces.com
rmactrustriemi,sH6'JtPjz{Q,Rozanne,MacTrustrie,rmactrustriemi@uiuc.edu
jcolebymj,"sQ1,2Zhcp",Josi,Coleby,jcolebymj@slate.com
tgremanemk,"cB1.hFNQ,>wh72",Tomasina,Gremane,tgremanemk@twitter.com
bmorleyml,zB2{M~!AQ3A7qL,Bailie,Morley,bmorleyml@dot.gov
litzcovichmm,jU3!NTEI\,Lazaro,Itzcovich,litzcovichmm@google.com
cmatkovicmn,qC8~sB&jb,Calvin,Matkovic,cmatkovicmn@bandcamp.com
pcarbonellmo,nE7\/=RVeff=W9XA,Palm,Carbonell,pcarbonellmo@stanford.edu
etreendmp,hN0<pMu1>!C+k,Eden,Treend,etreendmp@cnbc.com
aroddanmq,iL7|l`zDCBGu,Athena,Roddan,aroddanmq@cpanel.net
mlovegrovemr,dL7~RDhfgP&poNTT,Michel,Lovegrove,mlovegrovemr@unc.edu
vbrambellms,aZ6+Oa101I,Vite,Brambell,vbrambellms@google.com.hk
dguthrummt,aJ1(niZe}bBF4%'/,Darcee,Guthrum,dguthrummt@scientificamerican.com
alyttlemu,dW1<b3wL=xvHHR\f,Andrea,Lyttle,alyttlemu@w3.org
srennmv,"kN7,Cr,seKW`xa",Sharon,Renn,srennmv@linkedin.com
ahoulstonmw,kI9<)OK_WOPrWj3v,Alyosha,Houlston,ahoulstonmw@ucoz.com
ugolbornemx,"wM2""28pN9L~4d",Urbain,Golborne,ugolbornemx@rakuten.co.jp
sfrippsmy,hU9{SN3I,Sheff,Fripps,sfrippsmy@sphinn.com
hkrebermz,wR8+jjyNZG/1,Hakim,Kreber,hkrebermz@vk.com
cclinchn0,jM2{pw~n%GL1|Aj,Carline,Clinch,cclinchn0@webs.com
mtowen1,kJ0>ATSs~X,Meredith,Towe,mtowen1@tiny.cc
jodoughertyn2,zD4/jCzY0S'\SL,Jenn,O'Dougherty,jodoughertyn2@zdnet.com
hskeenn3,bZ5`CD<ICr>A5vi,Herta,Skeen,hskeenn3@google.pl
ghaglintonn4,cE5'+}eM,Gleda,Haglinton,ghaglintonn4@hud.gov
escranchern5,dE5`+ck1R's`Fj|%,Eran,Scrancher,escranchern5@earthlink.net
braspisonn6,zT0?v7{R19Gl},Brendan,Raspison,braspisonn6@archive.org
mmckeefryn7,"nY9|,8""Qfak|vJ",Mina,McKeefry,mmckeefryn7@webnode.com
emckinnonn8,"gU5,)QY}mQ3c&wQ",Ernest,McKinnon,emckinnonn8@indiegogo.com
npaulatn9,oW6%K(K{Oh<,Noam,Paulat,npaulatn9@netlog.com
rbrownettna,"tJ5!=""##35b",Robinett,Brownett,rbrownettna@intel.com
oivanyushkinnb,mG6}I6Kgj#,Ophelia,Ivanyushkin,oivanyushkinnb@digg.com
cschiementznc,tF6{uPNwq.i,Charyl,Schiementz,cschiementznc@ehow.com
yzupond,tW8(4h|2q,Yanaton,Zupo,yzupond@nydailynews.com
aovendenne,kB7.64S\Co>~O,Aila,Ovenden,aovendenne@histats.com
ariccardinf,"vK4/.xF,0\",Artair,Riccardi,ariccardinf@cnbc.com
tchittockng,hS2!C(nUpspI,Tally,Chittock,tchittockng@flavors.me
wsherwillnh,wB7@}!_uNG,Wendall,Sherwill,wsherwillnh@moonfruit.com
cspeirni,pH4&Hw4m,Clio,Speir,cspeirni@51.la
msheringtonnj,bV5@oFU>oD?`4vA,Madelina,Sherington,msheringtonnj@huffingtonpost.com
hrhoadesnk,fX4&Y/)s$(4,Hewe,Rhoades,hrhoadesnk@nydailynews.com
efranciolinl,uX1!Epx.H=8},Estell,Francioli,efranciolinl@livejournal.com
sogbournenm,yG7/Xu2\WSOVUX#,Sapphira,Ogbourne,sogbournenm@blogger.com
aempletonnn,lY8+J.'#w!5,Amalle,Empleton,aempletonnn@qq.com
epittockno,vZ9$GEs}+,Erhart,Pittock,epittockno@netvibes.com
wfranzininp,"sD7_W!0""ko'=",Woodie,Franzini,wfranzininp@twitter.com
wgrassicknq,"rI0+?exUGb~,6JJ",Wallis,Grassick,wgrassicknq@nature.com
vweddupnr,aQ6%/d{)WGB*!?UF,Vinnie,Weddup,vweddupnr@google.ru
maguirrezabalns,xJ2!wz)9P9u~,Marijo,Aguirrezabal,maguirrezabalns@ycombinator.com
gcringlent,cP2'&>|*xJn%R\8>,Garrett,Cringle,gcringlent@archive.org
dlopenu,"aX4$cN0Ts+<""u}M",Dania,Lope,dlopenu@google.de
gdyenv,dY7@}97gI+,Gail,Dye,gdyenv@statcounter.com
mhargerienw,uQ0=U*H0#L$z,Monroe,Hargerie,mhargerienw@google.co.jp
zmcterrynx,"eE3/a~e47""",Zsazsa,McTerry,zmcterrynx@symantec.com
cmeedendorpeny,iF6+ei4ght,Clarisse,Meedendorpe,cmeedendorpeny@twitpic.com
lhazeldennz,dC1@a&u|u@,Lora,Hazelden,lhazeldennz@bloglovin.com
aspellessyo0,sV2>oi/guP%>~~,Andrew,Spellessy,aspellessyo0@skyrock.com
cbirtleyo1,pP0%R+Ed+ll,Clara,Birtley,cbirtleyo1@thetimes.co.uk
hvlasyuko2,"uH0=`QGwuIN2,",Humfried,Vlasyuk,hvlasyuko2@ibm.com
obendiko3,"jA5,TP*~FAH<@6",Ondrea,Bendik,obendiko3@japanpost.jp
cpercifullo4,cQ0~s/Wv,Callean,Percifull,cpercifullo4@angelfire.com
aliptrodo5,uL3@%)LtrJ$fgbf,Ado,Liptrod,aliptrodo5@toplist.cz
tyokelmano6,qP3%AuX#j\o0Et,Thoma,Yokelman,tyokelmano6@wiley.com
lcancellero7,rU8$q+w=,Leonidas,Canceller,lcancellero7@cisco.com
gdarteo8,"mU6*5@Ycj""~",Gillie,Darte,gdarteo8@boston.com
hmargareto9,jH5#KU'{YB4.wa,Heath,Margaret,hmargareto9@a8.net
epencostoa,"yV5_?bv7""",Emilee,Pencost,epencostoa@vistaprint.com
apalayob,"pG3|J6RDM""4",Abigael,Palay,apalayob@creativecommons.org
jhawkingoc,nI6}S.Ib30Nmd9P,Joyce,Hawking,jhawkingoc@mac.com
mprandood,vD6\VYf}sYrOr+M,Milo,Prando,mprandood@mail.ru
achangoe,tH7$j{4>fEI,Anissa,Chang,achangoe@trellian.com
saptedof,xH4#T{Pdy,Sharyl,Apted,saptedof@cam.ac.uk
mpeerog,pK3>)@ps{)R(,Mei,Peer,mpeerog@apache.org
jrokeoh,wV1+0!&3>N,Jania,Roke,jrokeoh@utexas.edu
bbuckeridgeoi,hX9#<(wm0,Baron,Buckeridge,bbuckeridgeoi@etsy.com
mwillmentoj,xI7!<E3ZO,Marguerite,Willment,mwillmentoj@fotki.com
jmannixok,jG4&O)S7<,Jennica,Mannix,jmannixok@army.mil
gstittol,zK9''RZNUYV,Gwen,Stitt,gstittol@guardian.co.uk
mcaffinom,"iF8+o""p#M",Minnie,Caffin,mcaffinom@goodreads.com
rgoodfieldon,mV2@JG\xQ#dOV`O,Rhoda,Goodfield,rgoodfieldon@bizjournals.com
swykeyoo,pT6'FFYN.p>)tp,Sissie,Wykey,swykeyoo@jiathis.com
sstyantop,"jR9|P\fk_""RSj@,E",Shurlock,Styant,sstyantop@last.fm
icousinsoq,oR2\(_eXV4`X#1,Ilysa,Cousins,icousinsoq@usgs.gov
dbysouthor,bR8>zKs0}\&qv,Devi,Bysouth,dbysouthor@skyrock.com
kcorderos,kP6@iLJcm7E,Kelli,Corder,kcorderos@constantcontact.com
smabbuttot,uV2<uZqZh%R+w/,Smitty,Mabbutt,smabbuttot@1und1.de
bnoeou,kV0#G'8xEiSX_W,Bliss,Noe,bnoeou@seattletimes.com
ksackettov,rH2?BqPgEDWe,Kimberly,Sackett,ksackettov@stumbleupon.com
gchoupinow,dT8&oGrnuv/a5y++,Gustavo,Choupin,gchoupinow@tmall.com
nbuttgowox,mL8+rAAWJ|(I,Nicoli,Butt Gow,nbuttgowox@so-net.ne.jp
rkropachoy,fB3((t%@_}VKr,Rivi,Kropach,rkropachoy@eventbrite.com
ffroschaueroz,lC5#d3|nk,Fleming,Froschauer,ffroschaueroz@bloglines.com
darnkep0,cH6~(e7VMpUy>,Dayle,Arnke,darnkep0@miibeian.gov.cn
bbarrowcloughp1,iK3~!aGmio%0,Brion,Barrowclough,bbarrowcloughp1@stanford.edu
bsheerep2,"pJ2,Kv2i",Byrann,Sheere,bsheerep2@livejournal.com
gsiemensp3,"wQ8{y6W,D!'y",Garland,Siemens,gsiemensp3@stumbleupon.com
bclosep4,pT3>T}LqAnJ{QQ=G,Bogey,Close,bclosep4@sina.com.cn
cogbournep5,lO3=.8tX`0Fg2\}_,Cariotta,Ogbourne,cogbournep5@admin.ch
phottonp6,gW6*T9(U{YEszMqL,Preston,Hotton,phottonp6@meetup.com
pkubatschp7,dP7/M<Hlw_,Pablo,Kubatsch,pkubatschp7@istockphoto.com
wstansbiep8,"vB6}""6=ug",Webster,Stansbie,wstansbiep8@buzzfeed.com
hhakingp9,eT7_Ne0%%!Q_mD,Harald,Haking,hhakingp9@infoseek.co.jp
rheynelpa,yY8!G>4'GVku\K,Rafi,Heynel,rheynelpa@ow.ly
kmacbeypb,hJ4)Eu7LiGMjH,Kennett,MacBey,kmacbeypb@tripod.com
mlorrainpc,"hM8""A'l5K=uoI",Melvin,Lorrain,mlorrainpc@nba.com
eironsidepd,"sN3*},C5SNe4#6{",Eddy,Ironside,eironsidepd@japanpost.jp
jloreitpe,"hX2|E""0gO&!Z@",Jecho,Loreit,jloreitpe@cmu.edu
blaughreypf,aU6'4BkLV,Benny,Laughrey,blaughreypf@cloudflare.com
graulinpg,kV6><r93+.1$~U,Gideon,Raulin,graulinpg@nymag.com
dnassauph,nH1&yh+N*4UHQ|,Deck,Nassau,dnassauph@apache.org
gshipperbottompi,"lG0=""vj*&h&A",Garrott,Shipperbottom,gshipperbottompi@timesonline.co.uk
wpawellekpj,fR1&5$Rm<4Fl,Wylma,Pawellek,wpawellekpj@flavors.me
temmapk,pK4$7(Q5,Tibold,Emma,temmapk@loc.gov
gnicklenpl,tX6}>z%JSU1WwA)',Gerick,Nicklen,gnicklenpl@blogger.com
dactonpm,rW6~_x%yRy,Dinah,Acton,dactonpm@jigsy.com
ashurmorepn,nH8!mP..ktc)aLmj,Alexandre,Shurmore,ashurmorepn@chron.com
vfleaypo,oO9.$~PHh/?b,Valdemar,Fleay,vfleaypo@sun.com
dmorlingpp,bO4(7O(5=m)I,Dallas,Morling,dmorlingpp@jugem.jp
kjirupq,bB2|w9<Wz*#,Katharine,Jiru,kjirupq@paypal.com
rspearettpr,cP2@!ciS|0qJ`3,Rowe,Spearett,rspearettpr@techcrunch.com
skohnemannps,eT7/SwMXR#DnX,Stewart,Kohnemann,skohnemannps@who.int
kbirniept,jM3>f>xjjKGN9Ji,Kipp,Birnie,kbirniept@ox.ac.uk
tcheckleypu,"xO2\""D#e",Tammy,Checkley,tcheckleypu@php.net
deneverpv,nB6?*N6MO,Dean,Enever,deneverpv@archive.org
mteulierpw,"zI1,nSc3",Morganica,Teulier,mteulierpw@columbia.edu
skhomishinpx,wH8|b8>vnv`g*N5,Sonni,Khomishin,skhomishinpx@ca.gov
karnleypy,"fB6{Q""DnwOsGW",Kristan,Arnley,karnleypy@mapy.cz
cogdenpz,"fZ7}B1z>H*""Wi*",Clem,Ogden,cogdenpz@archive.org
padamovitzq0,bL8?G}oE,Pooh,Adamovitz,padamovitzq0@microsoft.com
nhavileq1,bG4=>~AC)s,Nefen,Havile,nhavileq1@uiuc.edu
fruggq2,gZ7/}kxi{Hv,Filberte,Rugg,fruggq2@springer.com
wsumpterq3,"mM4!N9'~a,)H3jpY",Warden,Sumpter,wsumpterq3@people.com.cn
bparrishq4,vD8+w~*Z&,Brigitta,Parrish,bparrishq4@irs.gov
shackingeq5,"uH0|)>""+",Starlin,Hackinge,shackingeq5@hc360.com
ckembryq6,oO6>b'L3$ZxNjyb_,Carlo,Kembry,ckembryq6@timesonline.co.uk
llowndsq7,gD2!t%mn55x,Lexie,Lownds,llowndsq7@gmpg.org
cfosdickq8,cF0}.mB&NffBg<!,Cazzie,Fosdick,cfosdickq8@example.com
wclaridgeq9,"cX9}Lx+?q""HNo""z",Wynn,Claridge,wclaridgeq9@flavors.me
rpimlockqa,nU5~a`rz,Reeva,Pimlock,rpimlockqa@reverbnation.com
chankeyqb,"eQ3,!J!WAsxHBV,#",Clarice,Hankey,chankeyqb@uol.com.br
ajermynqc,sS1)?Ui9*,Adrea,Jermyn,ajermynqc@toplist.cz
kbrettellqd,hA5?=d9)F=,Kare,Brettell,kbrettellqd@webnode.com
melmoreqe,"jO5{wMk"".!Gl\0w",Miles,Elmore,melmoreqe@printfriendly.com
dosorioqf,fN5(Ox9'rQ4,Darcy,Osorio,dosorioqf@furl.net
dbrooktonqg,mO1'fbY'DUo,Dominica,Brookton,dbrooktonqg@marriott.com
ltimlettqh,xO2!BJ>|K*fH+)Ge,Leontine,Timlett,ltimlettqh@merriam-webster.com
erignoldqi,wY2%3_qCGd9zP,Eli,Rignold,erignoldqi@blog.com
fsimakqj,qK8{mQ'S`rKV,Felizio,Simak,fsimakqj@indiegogo.com
pgardenerqk,aA0$@Nw\M',Port,Gardener,pgardenerqk@issuu.com
rshadfourthql,jN0&X<1W,Ricoriki,Shadfourth,rshadfourthql@unesco.org
mnutkinsqm,zJ8<fc/#In3Uy,Marleah,Nutkins,mnutkinsqm@amazon.com
ndickonsqn,hT1(`nTq,Nolana,Dickons,ndickonsqn@wufoo.com
mthirstqo,yS8=_?{5,Moss,Thirst,mthirstqo@oracle.com
rclynmanqp,"nJ7#PMG\+,q\AayQ",Rayshell,Clynman,rclynmanqp@flavors.me
owanlessqq,mF2@ME'YrIA@H%,Orelie,Wanless,owanlessqq@altervista.org
oshoweringqr,jM9/W?pPR?7(eom,Ortensia,Showering,oshoweringqr@macromedia.com
cdominiciqs,yN7%rg+tbQ((<fw,Caresse,Dominici,cdominiciqs@admin.ch
maspellqt,pO5}Kz0C)(KNJ6,Mikkel,Aspell,maspellqt@tiny.cc
rmorsequ,pQ5}yJgG3$,Rahal,Morse,rmorsequ@vimeo.com
dmillhouseqv,kL4\UUE\aVr,Dexter,Millhouse,dmillhouseqv@dyndns.org
lcainqw,gU5#cS\gd>3,Luther,Cain,lcainqw@vinaora.com
sdewsburyqx,eC6`/+/%$O,Saraann,Dewsbury,sdewsburyqx@kickstarter.com
nrimellqy,iC1`We&kL1,Nolly,Rimell,nrimellqy@jiathis.com
raberchirderqz,iP1!Z=32\UP+,Reeta,Aberchirder,raberchirderqz@cbslocal.com
cbazyletsr0,"uI6|Jz""nAufZF",Corrie,Bazylets,cbazyletsr0@fotki.com
cprider1,pM6#YpsqK2lL<K,Cordula,Pride,cprider1@github.io
tsambathr2,eL3)e(/0et,Tessy,Sambath,tsambathr2@histats.com
jkubackir3,hR7`evl@Go!zue,Jacquelynn,Kubacki,jkubackir3@twitter.com
hvickeryr4,"sN4""&=\B_k39",Huntington,Vickery,hvickeryr4@ameblo.jp
mschrirr5,rV8+VSR3,Maisey,Schrir,mschrirr5@businessinsider.com
gayrtonr6,uH6&k<67,Garner,Ayrton,gayrtonr6@imdb.com
nwatsonbrownr7,tO0?64j2,Nadya,Watson-Brown,nwatsonbrownr7@cargocollective.com
dmacneilager8,"mV0%kLzH"")y'3Me",Dannel,MacNeilage,dmacneilager8@fotki.com
dkebbellr9,pS4*udkS.?G8C,Dilan,Kebbell,dkebbellr9@free.fr
gwifera,oN3|FMB\<DM$2T,Gabriela,Wife,gwifera@feedburner.com
nmattusovrb,"nA1,4tY2",Nesta,Mattusov,nmattusovrb@macromedia.com
emoquinrc,cH1@{MWQr,Essy,Moquin,emoquinrc@paginegialle.it
lterramrd,dQ6'Tm#?mu!iz(2*,Luther,Terram,lterramrd@nasa.gov
bbollere,wZ6*Pc7jBy=8N}j*,Bili,Bolle,bbollere@house.gov
csollowayrf,tS8|_tv9,Charley,Solloway,csollowayrf@biglobe.ne.jp
pseydlitzrg,tE9@K3*u,Pippa,Seydlitz,pseydlitzrg@sohu.com
mperonrh,bL8=fexdGo$/7Nl,Mendel,Peron,mperonrh@seesaa.net
jkingabyri,bU3)J`91IFMhP|b\,Jesselyn,Kingaby,jkingabyri@uol.com.br
cflaundersrj,nF1)fSFAV$N,Clarissa,Flaunders,cflaundersrj@mashable.com
jgimertrk,qW5)&u(SK>{Yd,Jeremie,Gimert,jgimertrk@vinaora.com
tdripprl,nU8|U1qBb,Trixie,Dripp,tdripprl@phoca.cz
sdonrm,"fX7&,JtX",Sabina,Don,sdonrm@earthlink.net
djosephoffrn,eC0}tjo7_`Q)@ep,Dag,Josephoff,djosephoffrn@icio.us
cmcguffro,"qR7,~kj9s",Celisse,McGuff,cmcguffro@aboutads.info
jstirzakerrp,"cH3#H,ip)S??{s\_",Jard,Stirzaker,jstirzakerrp@t-online.de
cdennehyrq,nF2\qZO|,Christin,Dennehy,cdennehyrq@acquirethisname.com
otaskerrr,nY1%h`H>X~,Orelee,Tasker,otaskerrr@rambler.ru
